node,mean_size
3,2.3
4,1.02
13,12.69
15,1.02
16,1.035
17,1.07
26,5.075
27,1.025
30,260.465
35,1.06
41,1.32
43,41.215
57,66.3
73,1.04
80,1.05
81,1.035
84,1.115
86,41.185
88,148.42
95,1.08
97,1.015
102,5.845
106,12.235
114,168.94
117,37.445
119,1.26
120,1.055
124,1.09
155,51.785
157,1.39
164,53.49
172,1.355
178,118.415
179,1.01
184,4.375
189,1.285
229,134.22
230,1.025
231,1.02
242,1.09
276,17.1
277,1.02
278,16.68
283,5.35
284,1.07
289,4.815
291,15.89
293,34.085
294,1.07
295,1.265
296,28.28
297,1.045
298,1.03
302,3.155
303,1.02
304,14.215
310,1.215
319,5.72
320,1.115
321,1.005
333,1.235
334,4.77
335,1.02
342,1.225
346,8.775
347,1.04
349,2.005
350,1.05
352,25.895
353,2.29
357,18.625
358,1.075
384,40.275
385,1.25
386,222.975
411,9.165
418,9.44
420,82.945
421,5.235
423,5.58
424,1.05
425,1.17
426,1.06
427,1.215
461,53.295
463,19.99
465,2.725
492,126.835
494,173.735
496,1.075
497,1.04
498,1.015
501,1.025
503,10.645
506,1.015
507,1.155
508,1.27
517,1.365
518,9.965
529,234.105
530,1.115
535,64.565
542,150.81
543,1.065
555,52.53
560,1.065
561,9.03
566,8.15
568,1.04
569,1.58
572,1.11
573,28.24
577,9.24
598,61.56
599,1.57
602,1.02
603,33.045
604,1.07
623,31.245
624,1.0
635,4.935
636,1.01
640,10.755
642,1.395
643,1.02
645,106.985
646,4.505
654,16.21
655,9.135
661,1.09
663,1.015
665,10.375
680,8.44
722,163.65
725,1.0
728,5.225
729,1.15
730,1.06
746,1.13
747,1.175
748,1.025
749,32.875
751,4.59
754,4.035
762,1.03
764,1.08
766,23.94
768,1.05
772,7.795
773,1.2
782,39.09
783,1.05
784,96.46
789,12.895
790,5.42
791,4.84
811,121.09
812,22.24
813,1.185
815,1.47
816,23.755
822,66.83
824,2.255
837,375.33
839,67.31
843,7.74
867,1.27
871,29.375
872,1.075
874,1.125
884,63.845
885,1.04
887,1.05
889,1.035
890,1.215
891,7.61
895,47.275
896,4.19
897,1.015
898,1.105
899,1.03
904,1.475
916,206.76
1086,337.875
1095,8.335
1099,1.06
1102,17.395
1105,1.195
1112,1.21
1116,1.115
1119,1.045
1120,1.015
1121,1.33
1122,1.11
1123,1.015
1127,1.095
1128,1.03
1134,21.73
1155,189.62
1157,1.025
1158,1.82
1163,1.115
1178,21.41
1181,1.055
1183,1.055
1186,51.895
1187,8.835
1188,9.755
1216,5.39
1217,5.02
1218,16.45
1231,54.985
1235,28.495
1239,5.43
1240,1.14
1250,45.135
1255,29.415
1267,1.08
1324,354.73
1334,114.665
1339,1.185
1341,5.23
1351,42.635
1356,98.62
1366,7.23
1367,6.055
1368,4.615
1369,1.0
1370,51.765
1372,1.495
1374,1.065
1399,124.88
1400,1.02
1411,9.245
1418,1.125
1436,50.425
1438,1.035
1439,1.08
1444,5.66
1445,1.015
1446,1.06
1447,1.04
1451,1.09
1453,1.29
1456,1.105
1458,1.035
1461,12.65
1466,1.035
1482,105.555
1500,15.26
1501,1.11
1507,1.08
1509,1.015
1510,1.14
1513,30.92
1516,5.345
1518,15.525
1519,17.65
1556,33.415
1558,17.17
1559,8.455
1575,9.435
1582,13.5
1589,13.97
1602,33.495
1604,8.845
1625,60.785
1662,84.03
1663,250.15
1664,21.23
1677,188.685
1690,105.455
1691,1.07
1692,1.035
1697,45.415
1713,141.845
1776,297.885
1801,162.595
1804,1.075
1806,1.49
1807,1.11
1808,1.075
1820,4.05
1821,36.585
1826,1.255
1830,1.055
1831,1.12
1852,41.245
1867,26.535
1868,1.085
1870,42.195
1881,16.235
1883,8.25
1895,5.5
1897,3.545
1898,1.005
1903,11.56
1904,6.725
1917,139.9
1918,6.275
1932,1.23
1933,1.005
1949,206.115
1950,1.62
1957,6.045
1958,1.09
1964,4.75
1965,20.51
1968,5.515
1969,1.065
1984,1.13
1986,1.875
1987,1.02
1991,9.84
1999,1.27
2031,4.705
2033,1.13
2094,274.665
2109,13.57
2110,1.04
2111,15.805
2112,1.115
2114,1.085
2115,55.5
2117,12.38
2121,1.15
2124,1.035
2158,354.02
2159,4.41
2160,1.325
2161,1.105
2162,4.65
2164,17.905
2166,14.545
2167,9.0
2168,13.15
2175,4.355
2206,9.5
2211,18.785
2214,1.085
2217,1.54
2218,1.03
2219,8.315
2220,1.125
2237,18.635
2238,12.635
2240,4.54
2241,6.395
2253,66.355
2254,5.005
2255,1.04
2256,1.025
2261,1.115
2262,6.13
2263,1.105
2264,1.04
2277,8.75
2278,1.09
2280,1.055
2311,9.795
2312,11.645
2328,47.08
2329,105.415
2330,1.065
2331,1.025
2368,79.855
2372,12.95
2381,1.3
2389,8.5
2392,109.595
2417,350.09
2421,12.725
2423,4.515
2444,175.49
2445,1.035
2447,1.945
2448,1.115
2449,5.73
2478,251.635
2479,1.07
2486,87.02
2487,1.01
2508,1.46
2515,62.03
2518,77.115
2520,1.165
2533,1.04
2535,1.005
2545,58.56
2556,34.005
2588,101.9
2590,1.24
2591,1.01
2626,24.415
2627,8.665
2630,8.025
2633,279.695
2634,5.41
2637,1.015
2641,1.215
2642,4.99
2643,1.26
2645,5.75
2647,1.075
2648,1.02
2649,12.21
2653,1.205
2656,6.05
2657,1.035
2662,11.69
2676,76.85
2680,1.485
2682,1.03
2684,1.425
2685,1.015
2686,1.03
2689,36.695
2693,4.875
2699,5.855
2700,4.985
2702,1.14
2720,5.385
2736,302.22
2737,1.025
2738,1.135
2743,53.89
2744,4.91
2758,46.26
2759,1.035
2760,45.25
2765,1.37
2766,7.595
2789,1.42
2794,1.105
2796,1.05
2797,4.315
2803,128.59
2839,372.31
2844,12.135
2847,1.005
2852,5.61
2855,1.09
2856,1.63
2857,1.055
2858,1.005
2859,1.03
2889,65.605
2906,15.125
2910,1.065
2916,1.24
2917,1.07
2919,1.345
2924,25.2
2925,1.04
2926,8.36
2932,1.795
2962,84.865
2964,4.8
2965,1.04
2966,1.12
2968,1.27
2969,1.035
2984,72.49
2988,1.07
2989,1.02
3001,22.81
3003,1.05
3005,1.01
3008,1.42
3010,1.16
3012,1.04
3018,1.205
3028,110.66
3034,1.07
3043,21.435
3045,8.795
3046,1.115
3047,1.55
3067,125.105
3068,1.08
3069,1.05
3073,1.145
3087,1.33
3088,1.025
3102,98.445
3105,1.025
3108,1.025
3117,7.025
3121,1.06
3123,1.23
3124,9.93
3130,1.245
3136,50.75
3138,1.015
3141,1.02
3142,1.015
3147,20.965
3148,1.04
3149,1.085
3151,1.01
3160,5.24
3166,4.965
3167,4.595
3168,8.985
3169,1.01
3189,86.83
3190,39.18
3193,12.12
3194,12.495
3201,28.885
3203,1.105
3204,1.03
3207,5.565
3209,1.42
3210,1.01
3232,16.04
3233,1.02
3235,4.69
3241,1.18
3242,21.82
3247,1.065
3248,4.185
3269,42.055
3270,20.045
3272,1.12
3276,1.05
3289,13.515
3293,1.05
3328,26.465
3329,1.01
3330,1.12
3331,1.025
3334,13.925
3335,22.365
3336,30.7
3337,26.09
3365,273.445
3377,76.455
3382,1.06
3393,58.68
3420,223.92
3421,5.32
3423,1.045
3430,1.325
3431,4.3
3432,1.15
3433,1.035
3449,5.63
3468,60.085
3479,1.07
3480,1.1
3493,38.13
3503,1.415
3504,1.495
3508,5.145
3510,1.085
3518,12.77
3519,1.09
3527,25.49
3528,7.655
3529,19.36
3532,9.465
3534,1.06
3539,4.585
3540,5.345
3541,1.035
3542,25.745
3543,59.1
3544,5.03
3545,16.7
3547,16.48
3550,2.14
3551,1.04
3552,20.565
3553,1.025
3554,4.835
3566,18.11
3569,14.515
3579,5.08
3580,1.12
3582,81.015
3584,1.14
3591,69.455
3597,1.125
3598,3.335
3603,1.04
3604,1.14
3607,26.44
3609,1.055
3634,213.37
3636,1.01
3639,1.02
3645,9.95
3649,10.285
3658,61.515
3675,14.845
3677,54.865
3678,1.04
3679,1.015
3680,1.1
3681,1.105
3682,1.04
3684,1.015
3685,17.145
3686,1.12
3688,1.615
3689,1.015
3691,6.98
3708,2.605
3710,1.075
3711,1.015
3712,5.345
3713,13.615
3717,58.93
3721,7.625
3722,4.685
3724,1.6
3728,1.045
3738,4.045
3739,7.71
3762,46.19
3766,4.765
3768,1.19
3775,1.18
3776,1.24
3778,5.54
3780,18.25
3781,26.89
3803,42.56
3810,7.515
3811,46.39
3812,1.13
3813,5.16
3816,16.65
3824,101.985
3829,43.995
3830,1.005
3832,1.335
3833,1.015
3837,1.055
3839,5.365
3842,9.125
3849,1.26
3851,4.37
3852,1.44
3853,5.11
3877,5.41
3887,1.125
3888,1.025
3889,4.71
3890,1.05
3894,27.995
3905,63.345
3907,43.135
3908,15.615
3910,1.28
3926,16.63
3927,1.08
3937,1.46
3940,1.39
3952,134.87
3955,1.135
3964,62.525
3965,1.03
3967,20.395
3981,34.295
3983,1.075
3990,1.26
3998,28.285
4001,1.055
4002,1.03
4005,8.56
4006,5.095
4007,1.21
4012,1.235
4024,274.15
4028,16.965
4029,11.745
4032,1.065
4035,1.015
4044,18.56
4045,1.04
4065,105.385
4067,1.04
4068,1.06
4074,34.505
4075,1.045
4076,1.025
4077,9.925
4084,13.56
4110,17.345
4111,1.01
4112,7.2
4114,1.465
4142,10.345
4148,83.605
4154,1.06
4159,19.17
4160,1.06
4161,5.16
4173,110.87
4239,414.025
4244,1.055
4245,1.06
4272,70.885
4275,10.025
4279,8.26
4282,4.95
4283,1.45
4284,1.33
4287,1.04
4288,3.695
4291,1.075
4292,1.065
4293,5.45
4296,1.1
4299,1.105
4301,7.975
4305,4.865
4308,1.195
4311,1.03
4312,1.075
4313,1.045
4314,1.035
4315,1.005
4318,4.445
4319,1.25
4320,5.205
4323,1.28
4343,70.985
4348,1.065
4349,1.29
4374,24.26
4376,9.195
4377,1.03
4378,1.055
4380,4.775
4390,27.42
4415,55.835
4418,23.22
4419,5.84
4422,45.32
4430,15.58
4444,38.05
4445,1.06
4459,89.455
4460,1.075
4462,1.025
4463,32.015
4465,4.865
4467,4.875
4469,166.07
4471,1.055
4473,1.355
4475,1.05
4481,1.095
4483,1.04
4492,43.205
4498,101.555
4500,1.065
4501,8.415
4502,1.19
4503,1.02
4504,1.045
4505,1.04
4507,7.29
4511,10.96
4526,32.1
4531,1.3
4532,6.725
4534,5.185
4535,1.05
4540,5.05
4541,1.865
4542,1.12
4544,1.615
4636,178.02
4679,256.475
4684,5.94
4685,3.875
4686,1.05
4687,1.035
4697,5.865
4713,143.37
4734,38.42
4740,41.11
4741,1.08
4742,1.04
4744,4.455
4753,17.35
4786,298.5
4787,1.24
4788,1.05
4789,1.045
4790,1.03
4795,5.895
4796,1.015
4797,1.01
4799,14.715
4815,92.635
4816,5.75
4851,70.75
4870,32.11
4871,1.275
4874,7.475
4880,1.495
4881,1.1
4882,1.13
4891,1.07
4892,1.075
4893,20.165
4903,13.86
4904,39.62
4905,1.14
4906,1.01
4907,1.025
4908,1.88
4910,5.59
4911,1.04
4917,1.16
4930,32.455
4932,1.375
4959,29.52
4971,1.14
4984,5.81
4985,1.035
4995,57.075
4996,1.265
5004,1.19
5019,71.4
5034,175.51
5050,19.205
5051,11.725
5052,10.265
5060,13.865
5063,13.865
5066,7.145
5067,1.065
5088,65.155
5089,1.035
5099,12.865
5101,15.34
5102,21.34
5107,1.095
5127,43.7
5130,1.12
5131,1.025
5134,29.0
5143,1.22
5145,1.295
5149,14.56
5152,39.46
5157,33.835
5166,8.14
5167,35.67
5168,1.235
5180,29.215
5181,2.075
5184,4.23
5185,1.09
5187,28.805
5206,44.79
5209,1.105
5212,8.44
5216,159.33
5223,99.85
5228,5.61
5229,1.07
5233,223.88
5234,1.02
5235,4.775
5237,1.03
5253,15.94
5272,34.215
5273,16.795
5275,4.9
5283,1.46
5284,1.02
5286,8.66
5291,1.995
5335,360.62
5336,1.035
5379,30.475
5388,8.045
5389,1.385
5391,1.015
5399,1.11
5409,52.57
5412,1.1
5414,1.035
5415,1.01
5420,1.14
5421,1.035
5424,1.855
5427,1.0
5429,1.04
5440,55.025
5444,60.845
5453,188.76
5454,1.02
5459,7.805
5462,27.105
5476,13.94
5480,5.695
5481,1.015
5509,9.365
5510,1.72
5512,1.03
5513,1.04
5514,1.005
5515,1.085
5516,3.53
5519,43.175
5523,5.955
5524,1.05
5527,43.415
5530,7.98
5532,4.52
5539,1.215
5541,5.4
5542,1.03
5547,1.29
5548,54.525
5549,1.115
5555,71.22
5556,1.655
5558,16.875
5559,1.09
5560,1.09
5563,16.765
5578,28.675
5579,7.03
5580,1.02
5597,13.315
5599,21.22
5600,1.01
5601,1.2
5638,215.4
5639,1.01
5665,78.9
5666,13.055
5667,4.36
5668,1.06
5674,62.515
5677,1.035
5710,116.12
5732,1.82
5734,1.37
5735,1.535
5736,1.02
5745,1.265
5746,1.38
5783,1.35
5799,20.665
5800,1.02
5801,1.19
5802,1.05
5807,28.175
5811,1.145
5812,1.035
5813,1.065
5824,17.105
5852,43.41
5854,4.975
5866,180.13
5867,1.205
5868,1.17
5871,5.55
5872,4.945
5873,1.03
5874,1.04
5876,5.06
5883,37.485
5885,1.005
5898,5.785
5899,2.055
5900,1.0
5904,4.465
5905,1.11
5912,2.135
5959,94.32
5964,4.905
5966,12.52
5969,9.52
5978,154.32
5979,49.695
5980,1.05
5981,1.02
5982,7.6
6000,73.895
6002,27.665
6003,1.47
6004,5.72
6017,9.415
6021,1.2
6026,78.45
6058,195.04
6059,1.05
6060,1.035
6061,1.065
6063,1.025
6064,5.57
6068,25.23
6074,1.18
6078,34.15
6082,22.01
6083,1.06
6137,14.095
6140,13.93
6142,1.025
6145,1.125
6165,101.03
6167,1.2
6170,7.75
6171,2.935
6173,11.15
6177,13.215
6229,49.54
6256,253.235
6270,30.19
6288,369.405
6291,1.07
6293,1.155
6294,8.85
6295,1.01
6331,45.305
6332,12.675
6335,1.26
6336,1.12
6345,237.395
6350,1.1
6358,101.65
6364,80.7
6365,1.065
6369,1.64
6374,43.675
6387,95.58
6388,1.075
6389,12.85
6393,9.07
6397,11.805
6410,25.51
6412,1.26
6414,22.005
6415,1.01
6417,28.79
6418,1.055
6420,1.025
6421,1.03
6440,27.355
6441,11.96
6442,1.125
6443,112.15
6445,5.625
6446,1.015
6466,25.225
6468,17.445
6506,273.585
6529,1.31
6530,1.055
6532,5.375
6539,1.145
6540,52.47
6541,9.325
6545,1.155
6548,160.295
6593,9.295
6596,1.11
6597,1.02
6598,1.065
6612,4.355
6613,5.385
6615,13.3
6616,10.35
6617,1.105
6618,1.02
6619,5.01
6637,1.265
6646,1.38
6647,1.09
6648,7.16
6655,5.055
6659,1.225
6660,1.02
6689,4.63
6695,16.27
6699,27.39
6704,1.115
6705,5.315
6706,12.495
6712,15.815
6713,19.105
6729,113.585
6730,1.0
6731,1.02
6790,124.33
6793,1.16
6795,1.365
6831,164.285
6835,36.55
6837,10.79
6838,4.59
6844,5.53
6845,1.095
6870,1.29
6871,27.065
6873,1.08
6874,1.03
6880,5.265
6881,1.03
6908,175.145
6909,1.155
6912,83.39
6914,15.285
6916,1.03
6917,1.05
6930,30.68
6932,1.035
6934,5.8
6936,1.03
6947,117.73
6949,1.005
6951,8.805
6974,37.815
6975,16.765
6976,19.935
6977,4.84
6978,1.035
6992,57.63
6995,18.57
6996,1.27
7004,4.855
7005,18.95
7009,1.15
7019,46.84
7026,112.59
7031,29.73
7033,1.17
7035,1.025
7072,91.335
7083,238.35
7087,30.07
7090,1.07
7091,1.03
7092,1.035
7103,1.305
7128,49.655
7129,1.89
7130,1.42
7140,21.69
7146,5.51
7151,29.13
7154,1.055
7205,401.66
7206,39.33
7208,71.715
7209,5.51
7212,86.33
7218,1.055
7264,363.485
7265,24.11
7276,75.415
7287,4.29
7291,29.42
7292,1.09
7325,66.55
7357,20.83
7359,1.475
7371,85.82
7385,58.08
7387,1.07
7428,51.265
7430,17.52
7432,5.355
7439,1.08
7462,1.16
7469,1.02
7472,1.03
7474,1.015
7476,1.07
7477,1.085
7480,1.205
7482,1.035
7520,53.125
7521,1.16
7522,196.89
7565,42.695
7588,76.07
7592,1.03
7593,1.05
7599,18.195
7601,1.02
7612,30.36
7614,1.135
7620,11.455
7621,1.01
7628,4.075
7629,4.65
7636,9.22
7637,1.015
7640,1.035
7657,1.105
7686,13.09
7687,1.09
7705,5.535
7706,1.085
7707,1.025
7708,1.03
7721,22.1
7756,66.515
7757,1.0
7761,5.055
7765,1.045
7783,22.59
7784,1.015
7785,1.095
7814,9.455
7816,22.635
7821,11.315
7824,1.09
7829,2.205
7830,1.43
7831,1.045
7836,20.145
7894,264.19
7896,1.865
7898,9.35
7919,6.8
7920,1.035
7922,7.895
7923,1.25
7926,1.135
7928,38.195
7933,65.15
7934,1.025
7950,14.365
7951,1.035
7955,1.145
7958,5.595
7967,23.04
7968,1.005
7969,1.035
7974,1.04
7980,1.105
7989,10.3
7991,1.06
8003,44.295
8004,32.045
8006,4.82
8053,117.125
8057,3.88
8058,1.005
8070,25.235
8071,4.28
8072,1.02
8073,1.02
8094,352.785
8098,5.62
8100,1.06
8106,38.7
8107,1.255
8108,4.83
8127,23.8
8128,1.065
8129,40.41
8139,33.3
8140,1.02
8143,42.38
8156,120.145
8160,1.07
8161,1.18
8195,40.96
8273,304.325
8274,1.025
8303,144.295
8304,1.045
8305,80.785
8310,82.335
8332,40.255
8344,66.31
8346,1.07
8349,1.43
8350,1.03
8351,1.015
8373,12.985
8374,4.075
8377,11.19
8381,127.97
8389,1.07
8396,1.07
8397,1.055
8398,109.53
8413,1.325
8425,1.3
8445,13.405
8446,1.05
8456,1.21
8458,4.475
8459,23.005
8461,5.125
8462,1.01
8464,1.25
8485,4.38
8486,1.01
8488,1.035
8497,1.145
8503,5.7
8506,1.125
8507,1.095
8508,5.205
8546,6.87
8548,1.06
8552,10.09
8553,10.035
8554,1.01
8561,25.35
8583,332.74
8586,9.855
8588,36.845
8590,1.125
8592,60.59
8615,122.145
8620,178.355
8626,39.16
8627,1.04
8682,74.735
8692,7.825
8693,1.05
8705,15.38
8709,4.62
8710,11.89
8711,35.55
8713,1.05
8714,1.13
8744,13.29
8745,4.89
8751,5.43
8775,330.36
8777,31.125
8779,5.15
8796,52.98
8797,7.12
8800,1.235
8801,1.01
8803,5.27
8804,1.19
8816,49.795
8817,1.18
8825,12.18
8833,233.295
8834,39.095
8836,1.02
8840,1.985
8842,1.195
8844,4.255
8846,9.575
8859,94.49
8912,21.77
8924,167.32
8953,30.38
8955,8.265
8958,4.46
8961,1.07
8978,97.405
8979,1.01
8980,1.27
8985,1.98
8990,1.05
8991,1.095
8995,4.815
9011,13.405
9039,112.055
9048,133.665
9049,27.18
9052,16.33
9068,43.295
9069,1.05
9070,1.03
9080,4.555
9084,1.07
9103,99.88
9123,8.23
9151,41.36
9167,1.175
9193,203.545
9199,23.22
9203,4.2
9205,1.185
9208,38.86
9212,1.155
9217,204.255
9218,1.22
9220,27.085
9226,64.64
9228,1.075
9261,3.075
9263,1.18
9266,5.725
9267,1.06
9268,8.18
9276,42.555
9281,1.06
9283,1.085
9284,1.03
9292,74.65
9296,5.98
9297,1.05
9316,32.495
9317,7.15
9320,4.66
9321,18.125
9334,17.925
9335,1.09
9336,1.025
9341,1.095
9342,1.08
9352,15.84
9355,1.09
9356,1.055
9386,170.84
9387,10.04
9389,5.325
9394,12.255
9409,26.59
9410,1.025
9411,34.1
9412,88.755
9414,1.1
9416,1.02
9418,4.025
9428,62.385
9429,1.225
9441,1.245
9442,23.935
9446,1.225
9452,13.29
9461,1.07
9481,6.545
9483,4.425
9486,22.04
9487,40.61
9488,6.295
9494,1.065
9502,1.045
9504,1.005
9506,14.875
9509,4.685
9510,1.54
9522,1.225
9540,216.855
9541,1.015
9542,1.11
9543,1.025
9547,36.67
9557,9.595
9561,1.06
9564,10.185
9565,1.065
9571,1.04
9572,1.105
9573,1.02
9574,1.31
9577,14.19
9602,113.505
9606,37.265
9612,37.295
9613,1.34
9617,11.66
9618,5.295
9643,20.85
9648,1.03
9649,18.605
9654,19.645
9667,76.24
9668,2.91
9670,12.615
9671,1.175
9674,11.81
9676,1.105
9678,1.065
9679,1.0
9696,13.275
9769,33.465
9770,1.05
9774,1.05
9780,5.8
9782,1.05
9790,36.72
9792,1.135
9793,20.27
9806,32.36
9810,1.09
9811,1.01
9814,12.66
9815,1.08
9863,103.15
9871,1.065
9884,1.15
9886,28.1
9887,1.08
9888,1.075
9896,221.6
9897,1.03
9898,1.02
9900,1.045
9901,38.53
9904,1.07
9906,1.035
9907,1.575
9912,1.28
9929,17.265
9940,4.73
9941,1.195
9942,14.51
9978,33.965
9979,1.175
9980,29.635
9987,206.535
9990,40.16
9992,1.28
9997,1.06
9999,61.27
10000,5.57
10009,40.415
10016,1.11
10017,1.14
10021,1.045
10054,77.61
10055,4.805
10056,1.135
10057,4.885
10058,8.275
10065,135.9
10080,1.42
10110,1.3
10114,1.24
10116,1.055
10117,1.015
10120,1.03
10154,93.595
10155,1.015
10156,1.145
10158,1.465
10160,1.06
10161,1.04
10163,1.955
10168,14.015
10172,47.465
10174,1.025
10184,135.89
10191,25.895
10194,1.77
10195,1.11
10199,1.54
10200,5.37
10201,18.035
10243,26.705
10244,1.09
10258,18.795
10273,25.65
10341,263.9
10347,27.38
10348,13.82
10373,128.58
10379,1.09
10384,205.795
10397,11.295
10398,8.655
10399,4.25
10426,291.16
10428,1.09
10429,37.78
10431,1.04
10479,139.725
10490,1.125
10503,185.365
10564,116.83
10565,5.255
10639,157.905
10640,2.23
10641,1.075
10643,4.16
10649,71.51
10662,71.795
10678,1.32
10679,1.245
10713,12.005
10715,1.01
10717,1.05
10718,1.045
10719,5.405
10720,8.475
10726,5.125
10729,1.065
10732,37.46
10748,59.245
10749,1.035
10767,24.29
10771,8.64
10785,13.395
10793,111.705
10804,13.72
10805,1.075
10807,1.05
10834,1.795
10864,89.09
10873,6.65
10899,67.975
10900,1.355
10905,21.775
10914,161.195
10915,1.185
10926,12.145
10934,10.76
10976,452.145
10985,40.775
11006,81.98
11007,1.215
11008,1.15
11020,1.07
11022,7.665
11025,4.44
11038,5.725
11039,1.025
11040,32.495
11041,4.725
11050,34.115
11080,33.66
11082,1.085
11083,4.585
11084,96.0
11085,1.455
11091,6.63
11092,1.035
11095,1.32
11104,49.595
11107,116.115
11109,1.23
11117,10.5
11119,116.37
11152,69.24
11153,1.015
11154,1.04
11155,1.1
11156,1.025
11159,7.13
11165,25.245
11171,11.215
11175,8.975
11176,8.335
11186,28.025
11191,1.13
11194,29.395
11197,1.07
11198,1.37
11199,1.055
11200,1.325
11205,400.735
11257,149.465
11258,8.205
11270,32.165
11273,1.365
11274,1.095
11275,1.105
11298,11.945
11318,248.77
11335,11.5
11337,5.7
11378,133.27
11381,3.23
11383,9.54
11401,1.4
11404,23.855
11407,1.03
11412,29.525
11416,58.05
11417,1.13
11420,1.59
11423,1.01
11430,10.155
11443,181.075
11444,1.05
11448,2.86
11472,77.97
11476,1.5
11477,13.48
11478,1.04
11479,1.61
11480,1.02
11513,214.36
11519,1.17
11529,63.57
11530,1.025
11531,1.01
11536,4.935
11538,1.145
11546,5.295
11551,1.58
11552,1.015
11553,1.095
11560,38.855
11569,35.21
11572,1.04
11580,11.14
11581,1.055
11588,1.08
11589,1.01
11590,5.23
11633,197.995
11635,36.38
11637,23.745
11664,36.725
11665,3.795
11667,1.05
11675,32.725
11685,22.785
11700,1.445
11701,1.03
11705,19.705
11707,19.275
11719,17.165
11723,1.04
11725,4.615
11727,28.625
11728,7.39
11729,2.505
11753,1.225
11754,8.905
11776,99.14
11799,390.04
11851,84.62
11856,12.28
11857,1.11
11866,26.24
11867,1.06
11870,1.09
11874,242.475
11875,1.115
11913,38.245
11914,1.035
11916,3.365
11917,1.035
11918,1.095
11922,1.15
11925,1.475
11945,3.8
11963,44.685
11973,54.58
11976,11.93
11978,31.305
12008,23.815
12011,19.75
12012,7.045
12033,21.695
12039,26.56
12041,13.97
12042,2.185
12048,5.6
12050,16.63
12055,29.44
12058,5.78
12059,1.035
12068,21.905
12069,12.105
12073,1.03
12076,4.085
12077,1.01
12078,1.13
12079,5.435
12080,1.16
12081,1.05
12085,1.065
12086,1.03
12089,1.08
12147,76.19
12148,1.07
12150,1.04
12151,1.025
12152,4.345
12164,41.32
12165,1.015
12166,31.68
12167,1.055
12172,1.375
12185,6.075
12186,1.22
12187,1.565
12203,98.065
12204,21.075
12205,1.005
12218,19.59
12224,17.595
12225,5.48
12237,26.235
12249,32.19
12265,109.715
12267,1.135
12286,4.97
12290,7.635
12293,1.01
12328,20.4
12336,68.38
12337,1.0
12338,5.755
12339,1.03
12350,45.365
12351,1.04
12376,23.625
12405,22.425
12407,11.945
12409,1.025
12410,1.29
12418,15.875
12423,1.085
12446,2.4
12448,1.14
12449,55.035
12450,4.34
12462,4.62
12463,1.22
12465,1.035
12466,1.195
12471,3.995
12472,1.015
12494,45.04
12496,1.13
12497,1.03
12501,28.695
12504,1.025
12505,1.03
12509,16.735
12513,5.04
12539,1.525
12540,1.04
12544,5.16
12545,1.045
12547,5.12
12548,118.87
12549,1.07
12600,60.43
12606,25.06
12610,30.115
12613,19.825
12614,1.105
12615,1.08
12620,1.3
12621,2.0
12622,19.03
12623,29.495
12630,4.15
12631,1.045
12633,1.535
12644,69.735
12645,1.21
12646,5.29
12656,56.33
12658,1.38
12667,8.1
12680,73.855
12681,11.37
12683,7.07
12689,1.03
12690,6.015
12704,1.08
12705,1.03
12719,8.79
12720,21.295
12732,4.805
12737,3.925
12756,65.535
12757,1.08
12758,5.02
12763,29.215
12795,109.645
12826,71.945
12832,58.775
12833,14.005
12835,1.02
12837,7.985
12838,1.59
12860,18.405
12861,1.025
12862,1.28
12865,1.03
12890,1.28
12904,1.215
12909,45.295
12914,37.245
12924,8.255
12925,9.77
12927,59.285
12928,3.005
12929,8.265
12930,1.015
12997,318.56
12998,4.3
13012,132.545
13013,1.02
13014,1.055
13022,13.25
13023,1.02
13024,1.02
13025,5.02
13031,19.105
13032,1.055
13034,1.06
13039,19.295
13045,1.02
13046,6.275
13047,1.08
13068,219.2
13069,9.78
13070,5.08
13074,20.12
13076,1.025
13078,77.085
13079,5.56
13080,6.7
13084,1.08
13086,5.315
13109,233.015
13112,1.51
13114,6.995
13117,63.565
13121,82.83
13142,35.855
13143,1.18
13144,1.04
13145,1.06
13146,1.015
13152,9.445
13161,79.28
13169,18.92
13175,44.705
13179,10.24
13181,21.59
13219,76.745
13246,97.255
13248,1.03
13249,1.055
13254,1.205
13257,1.07
13259,4.895
13262,3.925
13353,21.06
13393,1.49
13395,1.19
13396,1.025
13404,11.6
13440,94.14
13441,15.51
13453,57.0
13557,370.245
13569,117.405
13572,16.23
13575,4.955
13577,1.135
13581,30.94
13582,1.025
13583,1.03
13584,1.04
13590,9.365
13596,69.32
13598,13.91
13622,41.035
13623,21.13
13624,24.185
13625,1.33
13627,1.075
13630,1.13
13640,1.06
13641,1.015
13646,4.435
13647,1.105
13648,5.465
13649,1.04
13652,30.485
13655,29.57
13657,1.05
13693,12.61
13698,39.735
13699,1.015
13707,12.25
13709,1.08
13739,398.34
13741,1.035
13742,1.075
13743,1.07
13745,5.63
13748,1.175
13758,253.565
13759,95.1
13773,61.535
13805,24.76
13806,1.035
13821,28.04
13822,5.34
13870,211.7
13871,8.33
13876,258.03
13878,9.645
13881,1.05
13889,227.43
13890,1.03
13894,12.03
13944,153.99
13945,1.02
13946,21.65
13950,5.515
13962,76.23
13975,102.61
13976,4.15
13977,1.055
13978,1.145
14004,16.97
14006,156.34
14009,4.285
14063,380.035
14084,1.125
14085,1.02
14093,11.32
14095,1.35
14101,34.59
14104,16.935
14105,1.025
14106,12.37
14126,76.98
14128,10.31
14129,48.08
14149,379.085
14186,198.38
14207,59.82
14208,5.33
14210,20.705
14212,128.375
14213,15.435
14215,5.195
14218,1.01
14219,1.02
14220,20.045
14221,13.06
14230,25.91
14232,16.005
14233,11.07
14273,90.855
14287,58.93
14288,1.065
14289,1.215
14292,42.35
14302,53.81
14303,1.095
14304,1.245
14307,10.42
14309,1.145
14336,25.895
14342,1.035
14347,18.68
14354,2.61
14359,148.525
14362,11.915
14363,1.305
14364,1.025
14365,5.42
14382,18.715
14393,7.99
14397,14.225
14402,25.37
14403,1.045
14404,2.0
14406,1.23
14413,12.925
14415,1.075
14420,36.48
14422,1.425
14429,8.905
14439,53.605
14465,31.61
14466,5.475
14467,1.135
14468,1.07
14503,224.33
14504,1.13
14506,6.255
14507,5.18
14522,28.22
14528,5.51
14529,8.255
14532,11.78
14548,15.855
14570,25.025
14579,1.765
14586,26.145
14608,74.265
14612,13.695
14614,7.32
14646,95.845
14651,106.205
14685,55.91
14686,36.645
14687,1.035
14691,63.115
14692,71.435
14694,1.28
14706,1.25
14708,11.225
14711,1.04
14715,5.185
14716,39.8
14726,1.38
14730,1.16
14741,9.755
14747,39.03
14762,26.17
14763,1.02
14768,1.245
14783,55.505
14784,1.03
14785,1.07
14802,37.73
14803,1.11
14804,7.9
14816,7.23
14824,113.525
14859,279.64
14861,6.745
14862,1.06
14864,4.82
14867,1.06
14870,23.435
14874,26.39
14878,10.71
14884,47.42
14887,1.26
14910,12.375
14911,43.75
14956,243.355
14958,14.95
14960,1.115
14976,245.205
15015,59.315
15016,1.065
15019,1.235
15020,1.02
15025,17.66
15026,1.065
15029,1.11
15030,1.02
15033,1.06
15036,1.015
15048,13.14
15049,1.025
15051,1.475
15052,1.01
15064,15.595
15077,1.165
15122,8.575
15123,12.765
15124,13.85
15149,1.235
15150,1.035
15153,1.09
15155,31.14
15160,1.145
15161,1.145
15162,1.055
15163,1.76
15164,1.045
15181,130.725
15182,1.025
15211,289.6
15212,1.05
15213,57.95
15215,9.46
15223,168.92
15224,94.55
15225,40.2
15226,1.055
15227,1.245
15229,1.045
15231,1.37
15238,8.61
15242,1.335
15244,1.02
15250,1.29
15251,5.59
15252,1.055
15254,1.04
15256,11.885
15259,1.15
15268,10.685
15269,1.04
15274,1.05
15275,11.47
15309,46.685
15311,5.61
15342,15.29
15351,93.23
15352,11.85
15353,1.02
15381,133.515
15385,1.125
15406,20.295
15407,1.03
15409,1.065
15413,1.1
15435,105.03
15436,21.38
15440,4.48
15467,14.115
15476,5.54
15483,1.215
15505,79.09
15524,198.79
15525,1.035
15529,1.295
15547,18.76
15555,17.18
15558,16.165
15568,138.36
15569,13.85
15575,63.11
15577,1.02
15587,15.695
15607,15.7
15610,29.025
15611,35.55
15613,1.08
15614,1.185
15615,1.115
15617,1.22
15630,1.32
15632,1.375
15634,5.48
15635,1.015
15636,1.02
15643,1.165
15646,4.8
15647,22.23
15668,16.99
15669,1.045
15677,38.4
15678,1.025
15695,158.84
15759,21.53
15760,1.735
15765,99.95
15767,1.135
15768,1.05
15769,7.16
15770,1.055
15788,54.915
15826,227.405
15829,33.95
15830,1.105
15831,1.26
15840,18.715
15846,8.84
15847,15.285
15848,1.155
15851,13.19
15872,33.56
15876,5.535
15921,43.745
15924,40.95
15941,50.915
15943,8.825
15973,113.385
15975,8.565
15976,1.16
15977,1.015
15990,9.3
16008,30.695
16019,177.265
16021,8.21
16032,72.84
16033,1.005
16035,102.31
16042,31.03
16043,92.715
16044,1.03
16045,1.12
16056,1.185
16057,1.04
16058,1.055
16059,1.03
16068,24.735
16075,36.33
16078,8.46
16079,1.015
16091,15.775
16092,89.465
16093,67.35
16094,5.275
16095,1.03
16102,33.215
16108,21.275
16110,26.535
16111,1.065
16113,1.365
16115,183.38
16116,42.115
16117,1.04
16118,1.01
16123,128.5
16158,215.74
16163,13.015
16168,25.83
16190,290.875
16191,1.245
16193,14.155
16194,1.165
16195,1.095
16211,20.555
16212,1.005
16219,17.355
16220,1.01
16221,6.075
16222,8.765
16232,63.96
16235,59.02
16236,4.86
16237,5.68
16238,1.025
16246,8.68
16248,70.425
16250,5.765
16259,66.77
16260,1.08
16261,23.15
16265,40.57
16267,50.27
16270,11.23
16276,34.89
16287,50.125
16299,15.65
16301,1.015
16302,1.045
16303,1.03
16305,1.07
16306,9.395
16308,14.135
16311,7.92
16312,4.935
16313,4.58
16329,113.13
16331,1.065
16332,27.635
16336,9.97
16337,1.625
16340,9.46
16343,1.13
16346,8.34
16349,12.89
16350,1.035
16359,12.935
16360,4.98
16363,5.805
16379,58.615
16400,115.81
16427,9.1
16429,10.395
16430,1.035
16434,196.765
16442,65.005
16443,1.705
16444,11.285
16445,4.505
16446,1.005
16448,1.1
16449,1.1
16454,12.76
16455,35.315
16463,1.145
16467,4.1
16468,12.535
16480,11.68
16481,1.015
16489,1.175
16523,126.495
16525,1.23
16527,1.145
16536,29.67
16538,4.48
16540,1.02
16541,1.015
16542,6.42
16554,35.02
16555,5.86
16558,140.17
16559,1.095
16561,5.075
16607,50.335
16609,1.025
16665,196.53
16666,1.05
16681,7.675
16682,1.185
16690,44.885
16693,8.445
16697,94.725
16698,6.265
16700,1.26
16704,1.065
16725,23.335
16727,1.02
16730,9.15
16731,5.275
16751,11.685
16752,1.535
16755,9.48
16757,1.03
16773,1.235
16783,5.83
16784,1.085
16789,46.89
16790,1.03
16793,1.015
16794,1.035
16795,9.295
16796,1.045
16842,101.75
16851,4.665
16854,1.09
16855,1.065
16877,257.545
16879,1.28
16880,1.345
16881,1.485
16883,17.695
16884,24.235
16885,1.315
16886,1.14
16891,1.74
16892,1.045
16893,1.04
16896,128.08
16897,1.075
16899,1.105
16901,7.8
16915,1.46
16916,1.035
16920,78.565
16931,199.64
16957,34.4
16959,27.84
16961,73.89
16972,16.1
16973,1.035
16999,81.9
17000,1.155
17001,1.215
17002,1.365
17003,1.02
17027,11.6
17028,3.44
17029,1.325
17045,44.745
17075,254.975
17097,62.66
17098,8.6
17146,272.48
17147,1.025
17148,1.025
17151,1.05
17153,11.37
17175,23.42
17178,4.885
17201,2.065
17203,21.115
17204,1.01
17205,20.435
17233,138.67
17243,41.78
17244,4.29
17247,1.035
17248,1.05
17249,5.385
17263,1.145
17265,3.025
17266,1.3
17267,1.02
17268,1.015
17277,31.36
17279,1.13
17280,13.23
17286,14.045
17287,12.5
17290,1.01
17292,11.285
17294,4.75
17295,1.1
17305,12.255
17318,36.575
17377,181.855
17380,116.585
17436,80.865
17437,1.045
17438,1.63
17440,28.46
17441,1.125
17442,1.01
17447,27.43
17449,1.07
17451,1.09
17453,13.045
17454,1.95
17459,1.07
17485,55.235
17500,1.045
17501,1.025
17508,1.055
17514,10.475
17515,4.825
17541,79.18
17548,34.93
17549,33.365
17565,4.62
17566,17.805
17567,1.025
17570,4.48
17584,12.675
17593,14.15
17595,19.625
17603,60.19
17606,13.495
17642,31.155
17644,5.335
17651,18.905
17652,5.515
17663,30.84
17689,139.845
17691,1.18
17722,57.75
17731,11.545
17736,6.505
17737,1.04
17738,1.015
17739,1.22
17756,80.97
17760,139.8
17764,1.155
17778,58.37
17806,281.85
17837,249.125
17861,105.38
17863,1.28
17864,25.615
17866,1.07
17868,1.015
17875,14.455
17876,1.02
17885,1.24
17919,33.345
17920,1.315
17932,1.1
17936,1.045
17939,9.335
17941,24.845
17942,1.16
17943,1.135
17944,1.215
17967,203.28
17968,1.07
17970,1.015
17971,1.845
17977,1.31
17979,25.965
17980,4.745
17981,13.78
17983,45.795
17989,2.705
18007,108.985
18009,9.895
18013,1.055
18014,1.05
18018,52.31
18021,13.865
18022,4.475
18027,1.06
18035,125.9
18037,5.165
18042,4.33
18047,7.9
18079,10.91
18081,1.015
18082,13.025
18091,1.285
18092,1.05
18137,19.88
18138,1.52
18139,5.15
18164,271.235
18168,71.62
18170,1.23
18176,20.34
18225,16.425
18228,1.12
18229,12.27
18236,1.32
18237,12.71
18238,1.025
18242,19.42
18243,1.035
18247,5.655
18250,1.145
18252,43.03
18255,21.8
18257,7.515
18258,1.1
18259,17.96
18314,555.46
18315,1.035
18325,1.295
18326,1.045
18327,1.08
18330,88.55
18339,115.56
18342,3.905
18344,7.865
18347,8.69
18354,12.005
18356,1.025
18357,34.55
18358,9.405
18360,1.05
18361,1.05
18396,343.815
18397,1.02
18399,9.025
18400,1.055
18425,26.51
18442,4.815
18443,67.235
18444,1.37
18445,1.05
18450,82.39
18451,1.715
18453,5.645
18455,1.065
18456,1.045
18459,20.09
18460,4.11
18463,1.025
18464,29.635
18465,1.105
18469,18.21
18471,1.05
18474,1.09
18481,55.92
18500,5.635
18505,21.97
18506,137.9
18507,15.285
18508,1.015
18533,213.84
18553,49.965
18575,19.62
18585,4.615
18586,12.92
18587,1.785
18592,1.035
18600,85.19
18610,2.38
18642,282.525
18647,13.225
18650,7.43
18651,13.86
18662,26.8
18665,6.71
18666,1.03
18667,15.25
18685,1.235
18686,1.065
18694,1.2
18696,74.365
18699,9.6
18781,328.73
18782,1.015
18855,64.735
18858,1.175
18859,5.155
18860,14.995
18864,47.115
18867,56.2
18873,1.295
18876,67.36
18877,1.025
18878,29.215
18904,67.125
18909,30.26
18910,4.395
18911,1.115
18923,1.655
18941,106.1
18948,10.845
18952,10.865
18953,1.025
18957,1.105
18958,1.705
18959,1.015
18977,20.24
18984,354.19
18992,1.035
18993,1.085
18994,5.475
18995,1.395
18996,70.82
18997,8.1
18999,1.005
19000,1.035
19016,15.865
19018,18.415
19023,9.41
19066,210.395
19075,62.665
19076,4.58
19077,1.02
19080,7.69
19113,14.135
19149,19.02
19166,34.875
19167,5.325
19173,13.345
19174,9.395
19204,292.67
19205,1.015
19206,1.085
19207,1.23
19282,1.445
19325,210.715
19326,1.03
19339,1.165
19341,1.115
19342,1.015
19343,1.15
19363,6.085
19383,253.47
19385,1.035
19387,4.385
19389,1.055
19391,5.795
19395,1.165
19400,1.12
19407,27.055
19409,1.13
19411,1.045
19413,4.76
19415,12.88
19417,4.955
19421,1.05
19428,4.3
19431,84.15
19432,1.255
19435,6.135
19436,1.005
19439,1.035
19441,1.075
19445,1.01
19446,4.85
19461,1.325
19467,9.135
19468,1.05
19475,1.175
19479,16.5
19480,1.015
19484,39.255
19485,1.185
19486,1.11
19491,119.885
19501,22.38
19505,8.595
19508,8.47
19510,1.42
19512,12.375
19517,13.555
19546,66.02
19553,4.82
19556,4.83
19562,35.655
19564,57.15
19575,37.8
19576,1.065
19603,1.635
19604,1.15
19611,32.96
19617,1.14
19619,7.675
19620,1.17
19674,237.235
19695,64.68
19696,43.645
19736,21.3
19772,31.225
19773,1.015
19775,1.055
19776,1.12
19778,1.12
19779,1.185
19780,1.105
19812,228.09
19819,28.08
19828,35.62
19829,1.1
19830,5.195
19834,9.255
19839,13.89
19844,1.015
19845,1.11
19869,261.355
19877,5.905
19879,1.045
19880,17.725
19881,1.045
19888,1.08
19890,20.465
19893,16.265
19898,4.68
19899,1.06
19911,79.45
19921,78.815
19923,4.145
19926,1.025
19929,14.12
19943,1.29
19944,1.015
19945,1.055
19946,1.105
19949,11.83
19951,1.39
19952,8.145
19960,237.69
19970,5.125
19973,5.18
19974,38.355
19981,51.31
20016,83.605
20031,65.95
20036,16.93
20040,8.72
20055,61.625
20056,24.73
20057,1.015
20076,81.77
20113,27.84
20126,13.58
20129,1.145
20143,14.135
20151,139.2
20177,23.96
20181,13.64
20184,1.07
20185,1.065
20188,1.01
20204,15.63
20205,1.17
20206,1.075
20207,1.015
20211,1.095
20214,1.06
20215,1.11
20218,1.29
20226,5.475
20228,7.105
20241,1.3
20243,1.025
20245,1.075
20246,42.5
20248,1.395
20251,7.92
20256,11.59
20257,1.075
20262,8.525
20296,260.59
20297,1.01
20298,67.67
20322,104.105
20331,9.96
20355,18.59
20362,1.27
20363,1.07
20405,319.8
20416,37.76
20417,5.625
20418,1.795
20419,1.04
20438,5.61
20440,1.12
20464,5.575
20466,1.055
20469,1.345
20483,13.195
20484,19.915
20490,1.155
20492,1.135
20496,23.485
20497,1.01
20498,73.515
20500,13.625
20501,4.345
20503,24.695
20505,1.11
20514,1.07
20518,11.25
20526,5.09
20527,15.545
20545,22.36
20546,1.055
20553,12.835
20554,9.63
20598,177.375
20600,8.045
20602,1.035
20634,65.695
20636,1.125
20638,1.02
20653,9.38
20656,1.045
20664,1.285
20665,1.28
20666,33.015
20671,9.35
20684,66.535
20685,1.05
20692,1.045
20693,1.325
20694,1.02
20695,1.015
20696,1.035
20698,1.05
20704,1.055
20711,1.09
20713,4.59
20714,1.07
20715,1.05
20732,18.55
20733,1.04
20735,1.08
20740,4.785
20741,1.085
20742,1.005
20749,1.07
20752,5.18
20756,16.21
20760,9.51
20762,35.925
20766,49.28
20768,6.25
20771,1.005
20775,29.975
20779,1.04
20780,1.02
20781,8.435
20783,1.025
20788,14.5
20794,1.055
20797,1.025
20800,3.76
20803,1.065
20804,5.335
20813,73.91
20814,1.22
20816,1.18
20842,19.545
20847,67.72
20852,169.305
20854,1.085
20857,1.135
20862,1.415
20863,1.035
20866,1.045
20867,9.79
20868,9.44
20872,1.06
20873,1.52
20875,1.06
20890,29.72
20899,7.41
20901,1.305
20902,1.025
20903,5.755
20904,1.005
20905,1.065
20912,75.605
20913,1.03
20914,5.55
20965,71.555
20967,1.07
20968,1.055
20975,47.24
20977,11.635
20978,1.035
20984,1.68
21005,1.19
21006,1.005
21008,1.005
21010,1.1
21011,4.95
21054,43.7
21073,49.175
21084,25.815
21086,5.625
21130,52.23
21134,28.265
21136,1.365
21138,1.045
21140,1.095
21144,16.18
21147,9.11
21148,1.13
21149,1.225
21162,8.385
21174,43.645
21192,110.46
21193,1.2
21195,7.875
21200,4.14
21202,1.085
21203,1.05
21205,1.165
21207,1.105
21208,49.905
21209,35.325
21228,183.81
21235,1.065
21271,111.875
21275,1.135
21276,1.235
21281,130.53
21292,11.45
21298,1.055
21300,57.895
21306,29.585
21333,11.575
21336,1.11
21337,10.175
21339,10.1
21341,14.065
21344,1.045
21367,4.39
21368,4.52
21369,5.07
21370,1.035
21371,1.02
21372,1.025
21374,26.305
21377,1.19
21382,24.38
21383,4.3
21384,1.04
21385,1.03
21388,2.115
21396,154.915
21404,26.21
21405,9.055
21407,15.335
21415,13.47
21416,8.055
21418,11.405
21419,1.27
21421,27.735
21448,5.8
21450,4.26
21452,5.58
21456,39.12
21457,33.375
21458,13.7
21466,17.78
21471,1.09
21472,1.055
21474,23.855
21475,1.01
21478,12.03
21479,1.065
21486,49.085
21501,177.105
21504,44.42
21505,9.06
21507,5.95
21512,104.72
21514,1.015
21530,96.205
21536,1.015
21537,1.1
21538,1.04
21539,1.04
21542,1.48
21545,5.57
21551,56.77
21560,126.34
21562,1.135
21566,9.8
21567,9.635
21568,9.485
21588,21.65
21627,172.615
21628,4.835
21629,1.02
21630,1.19
21631,1.055
21646,1.075
21654,1.115
21718,540.4
21728,174.185
21729,71.97
21737,8.885
21747,49.165
21755,15.57
21757,34.635
21758,9.145
21762,49.695
21764,1.045
21765,4.51
21768,1.085
21769,13.28
21786,50.39
21791,4.235
21799,5.38
21816,1.59
21839,44.05
21847,23.305
21859,196.295
21862,42.895
21867,1.145
21877,22.23
21878,3.745
21882,1.09
21883,1.09
21884,4.01
21912,71.42
21913,3.75
21914,1.065
21920,7.015
21928,1.245
21937,16.2
21991,120.575
21992,1.055
22017,94.105
22032,54.145
22035,28.665
22036,13.03
22042,16.15
22055,11.41
22070,149.31
22071,1.125
22083,4.74
22105,68.085
22106,1.045
22110,13.47
22134,24.595
22150,53.68
22154,8.63
22171,55.705
22174,113.225
22236,88.175
22240,8.73
22241,7.84
22242,1.03
22280,6.32
22289,212.02
22299,1.155
22300,12.595
22313,1.61
22314,8.755
22316,5.955
22317,1.005
22330,1.41
22342,13.755
22343,1.015
22352,1.045
22358,17.27
22369,10.56
22378,12.815
22416,173.105
22418,1.005
22427,27.275
22432,5.33
22437,1.3
22440,22.51
22462,106.645
22523,189.545
22525,27.93
22527,1.025
22528,8.46
22529,1.03
22531,1.11
22555,9.035
22556,1.25
22560,4.755
22568,53.565
22569,1.08
22570,1.075
22578,15.405
22584,4.335
22586,1.135
22604,20.41
22653,146.095
22655,1.075
22670,39.05
22672,1.08
22681,155.375
22683,4.475
22684,1.1
22697,23.28
22698,82.21
22700,27.86
22701,1.14
22703,7.48
22767,164.385
22769,1.095
22770,1.015
22780,119.67
22781,13.0
22804,134.075
22805,15.12
22806,1.04
22807,1.135
22833,63.43
22834,94.7
22836,8.87
22837,1.135
22839,1.07
22842,28.085
22851,1.4
22892,80.11
22893,1.06
22979,352.525
23070,45.775
23082,1.15
23084,1.07
23085,1.045
23090,1.075
23091,8.735
23099,40.82
23101,1.09
23106,49.73
23107,1.075
23108,9.425
23110,24.525
23114,25.735
23116,1.13
23119,1.34
23120,9.505
23121,28.145
23122,12.075
23129,47.99
23130,1.16
23139,30.935
23140,5.43
23141,53.645
23142,1.065
23156,225.615
23158,1.05
23161,33.85
23163,23.575
23211,294.475
23217,106.295
23219,1.055
23246,61.0
23253,1.1
23255,1.015
23256,1.06
23257,9.73
23258,17.135
23259,13.375
23265,43.38
23267,18.61
23279,32.365
23280,1.025
23283,9.755
23284,1.68
23289,30.88
23292,5.515
23294,20.245
23296,17.975
23306,6.815
23307,1.32
23317,1.19
23338,15.615
23339,1.045
23344,1.1
23347,1.115
23349,19.225
23356,7.145
23360,1.04
23372,36.68
23375,42.14
23384,8.605
23453,334.075
23456,7.345
23457,114.89
23459,4.55
23461,4.36
23468,19.76
23469,1.035
23470,8.485
23472,1.095
23474,1.68
23477,1.15
23483,1.08
23529,64.3
23559,14.245
23564,49.5
23579,5.015
23596,15.21
23626,292.705
23627,1.015
23631,1.08
23632,1.065
23635,1.04
23636,1.04
23638,31.405
23648,8.705
23661,94.15
23673,1.14
23684,10.135
23685,1.75
23691,8.445
23692,90.47
23702,23.13
23703,1.025
23705,1.015
23736,43.77
23738,67.565
23740,8.825
23741,13.02
23749,49.02
23752,63.17
23757,1.06
23769,1.235
23779,65.91
23780,26.995
23781,1.015
23789,44.725
23798,1.275
23816,4.92
23819,1.025
23820,8.835
23821,1.16
23829,20.955
23830,40.38
23832,5.47
23846,18.565
23848,1.335
23849,1.02
23861,38.365
23867,1.135
23889,24.3
23890,19.54
23891,1.05
23893,13.51
23894,1.025
23896,1.27
23897,1.165
23898,1.275
23903,23.41
23907,38.99
23908,1.405
23910,8.835
23912,13.645
23913,6.91
23914,9.865
23915,1.035
23916,1.04
23918,9.08
23919,1.165
23921,4.89
23986,511.88
24000,40.965
24002,4.85
24075,84.855
24079,34.585
24081,1.015
24084,1.02
24086,1.03
24087,1.05
24099,126.83
24100,22.655
24104,1.04
24106,54.8
24107,1.07
24128,152.145
24135,30.53
24138,5.545
24139,43.91
24141,1.0
24152,30.77
24165,38.19
24174,13.905
24175,1.025
24176,12.81
24197,38.625
24198,8.93
24261,219.36
24308,48.475
24313,61.19
24314,1.03
24322,1.585
24324,11.91
24325,1.07
24330,21.225
24354,144.595
24376,31.65
24377,4.785
24378,13.715
24392,185.05
24393,1.005
24394,37.515
24395,1.035
24401,67.98
24412,58.295
24413,1.09
24417,153.65
24435,1.175
24442,72.05
24443,1.125
24445,68.985
24455,1.26
24456,1.485
24465,104.485
24500,150.59
24504,21.5
24527,27.56
24583,158.665
24593,1.275
24596,1.06
24600,1.135
24607,1.2
24608,1.725
24610,1.08
24616,8.44
24617,10.775
24637,61.595
24649,69.04
24650,4.27
24665,1.525
24666,1.51
24667,3.48
24670,12.925
24673,17.505
24674,1.085
24676,1.035
24677,12.31
24682,10.505
24699,76.02
24701,1.525
24702,1.095
24751,90.895
24752,7.27
24760,14.225
24761,1.01
24762,1.1
24768,51.575
24769,13.29
24771,4.295
24798,143.9
24804,4.295
24829,18.105
24831,1.03
24832,1.055
24833,5.84
24835,1.015
24836,4.72
24841,6.235
24842,27.04
24843,1.33
24844,1.665
24847,11.08
24853,73.13
24895,147.595
24896,37.67
24897,31.635
24903,32.425
24904,1.05
24908,4.765
24909,5.37
24916,11.9
24921,75.36
24932,24.495
24933,1.785
24943,50.695
24946,20.835
24969,22.365
24972,27.81
24973,1.03
25036,68.855
25037,100.03
25057,9.605
25061,14.23
25063,1.04
25066,66.06
25095,37.08
25098,18.19
25108,14.915
25112,109.625
25115,1.07
25138,62.075
25164,87.38
25168,13.105
25169,5.51
25177,70.185
25178,1.035
25203,100.975
25204,1.05
25205,152.47
25206,1.04
25208,19.055
25211,1.235
25212,5.055
25213,16.44
25214,102.515
25230,43.785
25231,2.055
25243,61.18
25244,1.04
25245,1.03
25246,1.03
25247,12.57
25257,5.12
25258,6.285
25261,1.02
25270,22.01
25272,1.035
25301,24.66
25304,7.29
25305,1.075
25329,360.755
25338,1.195
25346,1.145
25349,5.365
25350,1.08
25351,1.185
25354,1.075
25371,1.145
25372,1.055
25373,1.175
25374,1.045
25385,43.16
25386,1.035
25388,1.31
25395,1.165
25400,9.19
25401,1.025
25452,283.44
25471,53.195
25483,1.305
25484,9.155
25485,1.025
25486,13.44
25487,1.02
25490,15.205
25501,8.595
25502,1.015
25507,8.415
25508,1.03
25509,4.37
25511,1.05
25516,1.14
25518,1.035
25521,12.28
25522,24.99
25523,1.065
25524,1.015
25525,1.06
25526,1.03
25528,8.29
25533,1.14
25535,18.205
25536,1.06
25538,4.815
25539,1.04
25543,1.595
25544,1.01
25548,1.035
25549,8.1
25551,1.03
25588,263.78
25591,39.115
25599,13.935
25618,52.67
25621,1.72
25622,1.025
25623,1.005
25625,1.06
25626,4.36
25627,2.025
25628,106.465
25665,40.66
25672,25.23
25685,1.145
25696,13.945
25697,7.485
25706,48.65
25717,1.185
25732,228.82
25734,1.015
25735,1.05
25736,1.035
25741,1.0
25742,8.825
25743,1.07
25748,12.27
25757,25.21
25761,1.655
25763,9.45
25773,27.65
25775,1.4
25780,82.98
25781,4.925
25782,1.1
25822,1.3
25831,7.685
25832,1.32
25833,1.025
25834,1.025
25850,130.685
25851,1.22
25875,54.665
25895,29.4
25897,1.04
25898,1.365
25899,37.03
25905,1.395
25906,46.65
25910,9.36
25911,8.225
25915,146.825
25931,46.83
25934,5.125
25962,112.585
25976,1.045
25980,1.02
25983,7.695
25985,4.9
25993,31.89
25995,19.13
25998,11.135
26033,48.175
26040,9.475
26042,1.37
26065,5.93
26067,20.465
26084,7.115
26085,1.16
26086,1.015
26091,1.195
26092,1.02
26141,166.435
26142,1.03
26147,5.28
26148,1.035
26149,1.875
26150,93.72
26151,1.225
26153,1.07
26168,85.895
26169,1.035
26170,66.325
26172,23.175
26173,19.085
26174,1.05
26175,1.215
26178,4.825
26186,20.6
26187,17.17
26202,35.13
26204,6.315
26205,1.115
26219,231.87
26227,220.995
26236,4.275
26287,79.85
26289,1.03
26293,1.1
26299,5.78
26301,3.93
26303,1.04
26304,1.015
26305,127.965
26308,5.09
26310,1.09
26313,21.435
26317,1.06
26323,1.04
26324,1.75
26325,1.025
26326,64.385
26329,5.215
26330,12.365
26339,44.13
26347,1.185
26349,1.02
26351,1.055
26352,1.065
26353,1.225
26354,5.51
26355,1.03
26359,2.155
26361,1.025
26362,1.02
26393,52.38
26394,4.805
26395,1.07
26413,91.215
26414,40.66
26433,16.38
26434,1.005
26436,11.39
26437,13.1
26459,140.355
26462,1.05
26463,13.155
26468,27.095
26474,1.205
26475,1.135
26477,6.215
26480,1.015
26503,261.905
26526,24.56
26590,116.69
26591,10.7
26624,1.48
26628,122.63
26647,65.145
26713,288.06
26726,38.19
26731,1.13
26733,1.025
26736,25.345
26738,1.125
26739,1.025
26743,1.14
26764,17.735
26769,4.645
26775,53.74
26778,41.475
26780,12.31
26785,43.675
26786,1.085
26787,1.345
26797,9.7
26819,28.805
26821,4.605
26825,24.36
26826,1.07
26830,17.165
26831,1.165
26832,26.43
26833,22.435
26840,61.605
26843,15.85
26845,26.205
26849,20.575
26851,1.185
26859,1.05
26860,1.005
26861,1.035
26872,106.675
26873,1.125
26876,26.655
26883,20.685
26886,40.445
26895,31.96
26896,1.095
26897,1.05
26899,1.09
26900,4.03
26902,1.355
26903,1.045
26908,16.895
26909,1.61
26915,69.455
26916,1.075
26922,15.925
26931,5.285
26932,1.04
26933,25.345
26935,1.045
26936,1.01
26938,1.095
26972,8.79
26973,7.335
26976,30.73
26988,193.05
26994,1.19
27002,57.155
27009,1.24
27011,1.005
27031,69.205
27033,1.125
27035,1.065
27036,1.03
27062,12.5
27124,42.26
27125,45.065
27126,12.885
27142,32.425
27145,53.57
27147,1.055
27148,1.06
27149,1.03
27160,157.015
27169,41.42
27170,85.3
27171,1.065
27172,1.275
27175,17.37
27189,31.345
27190,1.05
27191,16.56
27192,1.06
27194,163.86
27218,34.605
27221,1.02
27222,1.09
27224,1.005
27225,1.055
27233,27.96
27242,31.105
27243,31.825
27244,1.0
27245,1.085
27246,6.595
27248,1.25
27251,1.5
27252,4.61
27253,5.155
27255,16.03
27281,22.05
27282,1.26
27283,31.3
27285,1.155
27292,6.29
27297,1.155
27301,1.165
27302,1.02
27304,1.035
27305,1.105
27306,1.015
27308,4.945
27309,76.835
27311,72.12
27312,1.045
27318,5.715
27319,1.14
27320,1.03
27322,10.51
27327,24.68
27331,242.115
27348,44.725
27349,4.265
27350,11.34
27351,1.025
27352,1.025
27358,5.35
27363,1.435
27365,1.02
27375,106.785
27385,149.355
27397,20.75
27400,42.34
27402,1.055
27406,26.615
27407,4.45
27408,4.585
27409,1.095
27410,1.01
27412,9.335
27428,11.175
27442,41.185
27443,1.87
27444,13.56
27445,9.295
27470,135.685
27471,40.865
27478,37.25
27479,5.65
27481,1.08
27489,10.01
27493,1.16
27494,1.13
27498,1.325
27550,107.07
27557,6.325
27560,1.23
27561,1.015
27563,49.17
27573,1.3
27575,1.01
27576,51.71
27578,17.525
27579,2.875
27580,1.215
27581,24.315
27587,3.605
27588,70.78
27613,114.53
27617,33.075
27633,20.66
27634,5.05
27637,8.97
27638,1.035
27640,4.555
27641,1.015
27644,5.37
27650,5.735
27652,1.42
27653,1.07
27654,1.075
27656,91.46
27666,1.145
27686,4.32
27690,1.375
27701,83.395
27710,137.225
27728,106.515
27738,4.475
27739,1.08
27742,1.08
27743,1.025
27746,1.04
27747,1.085
27748,1.04
27749,1.07
27750,1.125
27751,4.315
27771,47.555
27772,1.05
27775,1.045
27779,20.11
27792,12.89
27796,5.235
27800,12.305
27805,5.685
27806,6.09
27811,1.315
27815,8.09
27862,300.94
27872,12.185
27882,14.635
27883,1.04
27884,8.58
27901,154.485
27902,8.715
27904,8.685
27905,1.12
27908,1.215
27909,1.84
27915,77.53
27918,1.485
27919,1.02
27943,44.19
27950,1.16
27970,13.38
27971,1.125
27972,1.065
27973,1.015
28002,64.2
28003,1.215
28005,1.06
28018,13.78
28019,5.54
28022,1.34
28027,47.76
28029,1.035
28030,1.03
28034,1.06
28035,5.495
28045,26.165
28046,15.84
28048,4.845
28062,1.885
28063,1.14
28064,38.335
28128,256.195
28129,6.34
28130,1.005
28133,14.53
28135,63.07
28138,1.06
28139,9.055
28142,6.965
28143,1.4
28156,5.035
28164,71.68
28188,60.525
28190,1.055
28194,1.045
28210,264.025
28224,133.325
28232,162.125
28235,1.22
28236,1.095
28237,1.385
28239,4.175
28246,21.895
28247,1.61
28249,44.275
28250,11.55
28251,1.66
28252,1.14
28253,1.08
28255,1.0
28256,1.045
28257,39.22
28258,1.085
28260,1.025
28262,1.015
28264,1.125
28273,1.1
28283,1.225
28287,1.09
28293,10.455
28298,11.78
28299,1.09
28300,1.32
28302,1.03
28317,218.67
28321,12.585
28327,1.045
28331,2.015
28334,7.76
28341,69.23
28377,32.27
28384,44.68
28385,1.075
28386,1.51
28389,1.5
28390,3.82
28391,1.02
28393,1.125
28394,8.415
28402,47.235
28415,61.83
28416,63.055
28426,149.5
28427,1.045
28429,4.79
28430,1.22
28431,11.635
28516,448.21
28519,1.045
28523,45.42
28524,1.03
28525,1.05
28527,1.02
28529,13.06
28530,1.015
28535,44.14
28536,101.21
28538,19.965
28545,1.04
28546,1.05
28547,1.23
28549,8.58
28563,97.38
28564,1.015
28577,220.24
28579,1.0
28623,99.45
28625,1.01
28633,196.52
28682,82.775
28692,7.26
28704,18.41
28706,5.545
28707,5.73
28709,18.18
28711,12.875
28712,4.91
28714,1.11
28717,2.84
28718,2.925
28730,16.89
28748,214.615
28751,1.14
28753,1.205
28787,145.395
28788,1.015
28789,1.035
28796,1.05
28797,1.095
28807,8.835
28808,1.015
28810,38.78
28811,1.115
28812,1.0
28813,44.035
28821,69.17
28822,42.045
28827,1.04
28862,1.515
28864,4.725
28865,1.02
28887,60.315
28888,1.035
28890,1.245
28893,5.145
28894,1.005
28895,1.085
28907,1.315
28917,1.14
28918,1.055
28933,8.225
28934,1.05
28935,3.875
28937,1.07
28943,11.15
28964,42.17
28965,1.075
28968,1.31
28971,1.005
28972,1.04
28974,1.035
28977,107.825
28978,1.095
28994,64.85
29001,15.51
29005,1.115
29006,21.655
29026,1.425
29027,1.01
29062,120.765
29065,1.16
29067,1.035
29075,9.76
29076,1.02
29083,58.0
29091,3.805
29096,1.155
29114,119.84
29115,1.125
29121,1.1
29127,1.035
29128,1.025
29131,1.085
29132,1.03
29134,1.015
29136,1.055
29142,5.605
29153,56.12
29186,41.645
29187,8.085
29189,1.005
29190,1.02
29192,1.12
29193,1.005
29194,1.2
29200,10.09
29202,33.75
29218,8.31
29219,4.665
29220,5.42
29224,2.445
29226,20.43
29227,1.29
29228,24.36
29258,165.89
29259,1.4
29274,44.815
29282,138.955
29284,1.1
29285,4.25
29289,242.475
29293,1.195
29294,10.395
29295,10.57
29301,9.925
29302,1.03
29305,18.635
29306,1.07
29315,12.045
29327,9.02
29328,3.37
29334,1.14
29336,1.04
29353,28.485
29355,1.4
29356,4.705
29366,34.46
29376,7.845
29380,1.15
29384,1.23
29388,28.445
29389,8.21
29390,15.46
29403,6.08
29408,1.07
29421,45.9
29422,1.0
29423,1.235
29430,36.545
29468,13.895
29489,203.23
29490,4.17
29502,190.14
29508,9.405
29511,4.64
29517,18.775
29520,4.64
29521,8.675
29525,15.01
29526,1.005
29536,1.285
29546,252.885
29547,1.045
29557,19.63
29559,4.46
29562,22.48
29606,231.65
29607,12.015
29620,1.385
29621,1.1
29629,1.17
29631,1.035
29643,9.82
29644,14.765
29649,1.06
29684,76.715
29687,1.19
29732,138.395
29736,1.08
29737,14.74
29738,1.175
29739,1.035
29740,8.905
29741,4.635
29751,55.55
29753,1.12
29754,5.26
29755,1.11
29756,1.025
29758,3.72
29767,25.885
29769,1.015
29787,10.535
29788,1.055
29790,1.02
29791,1.41
29798,25.645
29800,1.025
29801,4.305
29802,1.19
29807,4.66
29810,1.01
29829,8.83
29833,12.235
29835,1.39
29840,1.05
29842,1.015
29844,1.075
29845,210.86
29860,55.48
29880,44.885
29881,1.1
29890,1.205
29891,1.045
29893,1.25
29895,1.0
29896,27.5
29902,1.085
29903,1.035
29906,11.565
29909,83.845
29920,61.61
29923,1.085
29924,1.045
29925,1.05
29934,1.2
29942,10.685
29945,4.955
29947,8.36
29949,1.165
29958,1.1
29959,1.12
29960,4.56
29974,16.72
29983,9.54
29984,1.075
29985,1.03
29996,15.035
29997,4.26
30007,80.745
30014,44.04
30015,1.015
30016,1.01
30018,5.025
30023,3.905
30028,7.275
30049,114.63
30050,18.65
30057,8.085
30060,1.285
30062,9.305
30063,1.065
30068,163.535
30126,132.355
30129,1.04
30132,1.055
30136,8.915
30147,22.13
30149,1.175
30160,1.42
30167,8.065
30168,5.255
30170,5.46
30179,3.65
30180,8.65
30189,97.73
30192,18.775
30193,12.225
30194,48.105
30195,1.3
30196,1.08
30199,1.085
30202,8.66
30222,130.305
30224,12.2
30234,9.08
30287,12.445
30317,57.72
30320,4.51
30343,12.21
30352,1.55
30353,1.05
30355,1.155
30362,1.075
30370,1.29
30371,8.735
30372,1.17
30375,20.3
30376,1.045
30400,4.555
30407,128.36
30408,1.035
30418,27.615
30422,13.98
30441,21.605
30444,1.155
30445,1.015
30453,7.81
30454,1.04
30455,1.285
30463,33.285
30466,1.045
30476,40.765
30479,19.555
30502,131.245
30513,4.77
30514,1.015
30524,1.39
30527,1.06
30528,1.035
30529,1.01
30542,1.565
30547,1.11
30588,70.83
30589,1.04
30592,1.015
30593,1.055
30595,1.025
30601,5.48
30614,1.195
30625,79.27
30627,59.79
30630,19.565
30631,15.05
30664,103.295
30666,1.055
30667,1.68
30668,1.05
30669,1.055
30693,115.655
30698,7.96
30700,18.0
30701,1.005
30703,8.075
30704,1.07
30705,5.355
30710,8.08
30730,22.775
30731,1.015
30733,1.16
30735,1.03
30736,17.525
30738,5.23
30764,185.185
30775,69.685
30780,9.62
30783,1.03
30790,19.035
30828,136.985
30829,17.015
30843,15.04
30849,22.645
30864,1.365
30865,1.055
30866,1.18
30877,13.06
30878,1.045
30912,127.095
30918,5.995
30920,9.88
30921,1.69
30922,4.435
30923,1.025
30924,1.025
30925,1.17
30927,1.845
30941,9.105
30947,1.01
30948,1.035
30951,1.175
30952,6.32
30972,157.1
31063,162.505
31076,56.23
31077,8.905
31078,1.32
31079,1.045
31080,1.03
31088,71.7
31089,1.02
31097,8.205
31098,1.135
31099,42.375
31100,1.035
31103,1.175
31104,1.08
31113,50.505
31114,1.005
31116,1.02
31117,15.085
31126,73.495
31133,1.245
31136,12.945
31138,5.125
31142,91.465
31146,1.165
31163,1.465
31165,1.07
31166,1.07
31167,1.03
31187,44.045
31197,5.05
31235,33.01
31255,5.595
31256,1.06
31259,1.4
31261,1.35
31264,1.025
31265,1.33
31290,166.79
31304,28.72
31334,206.5
31336,1.095
31340,1.185
31344,1.145
31345,1.04
31346,1.065
31358,30.79
31361,1.13
31362,27.315
31389,73.935
31397,11.11
31398,1.02
31404,1.16
31414,1.33
31415,1.045
31445,147.415
31449,77.275
31458,15.285
31459,1.035
31465,13.495
31466,1.06
31467,1.08
31470,1.04
31471,57.08
31472,8.67
31491,15.425
31501,1.13
31502,9.645
31506,1.12
31524,25.065
31561,62.025
31562,3.94
31564,1.13
31565,1.09
31568,22.67
31588,1.245
31638,2.455
31644,1.225
31756,288.775
31758,9.07
31782,26.955
31796,74.13
31797,17.35
31800,125.665
31802,215.8
31813,51.035
31815,1.06
31862,12.59
31870,5.535
31875,1.15
31876,5.12
31878,11.45
31880,1.025
31883,29.635
31898,10.57
31904,5.225
31906,4.26
31928,128.39
31930,1.14
31931,11.17
31936,1.09
32003,332.425
32004,37.07
32009,1.125
32010,1.11
32011,59.885
32013,1.25
32016,1.165
32017,1.02
32018,5.095
32020,237.935
32021,1.035
32022,1.025
32046,27.115
32047,11.215
32049,1.14
32051,1.125
32053,18.485
32054,1.07
32055,1.045
32056,1.06
32057,6.39
32058,3.46
32059,5.6
32063,1.11
32073,35.465
32078,1.355
32079,5.17
32080,1.16
32095,27.24
32099,1.04
32100,1.785
32101,5.695
32104,38.465
32105,1.225
32109,8.455
32120,19.295
32121,1.15
32122,20.905
32124,1.07
32129,58.02
32131,21.99
32156,1.335
32158,1.145
32186,15.5
32187,1.14
32191,1.09
32202,174.78
32209,1.1
32211,12.545
32212,1.04
32213,1.02
32217,17.21
32232,1.16
32267,134.225
32268,7.86
32269,7.32
32270,1.39
32298,64.48
32300,1.07
32302,1.085
32307,36.355
32308,1.03
32317,5.78
32318,12.475
32319,1.065
32323,14.63
32325,21.26
32342,1.21
32345,26.735
32351,4.835
32352,1.005
32357,1.09
32361,1.065
32362,4.605
32368,1.025
32370,1.03
32371,1.03
32372,11.73
32379,10.115
32398,88.94
32400,11.96
32403,3.805
32404,1.035
32406,66.0
32409,1.035
32410,5.475
32413,1.125
32414,1.01
32416,1.175
32432,63.57
32443,32.345
32444,1.0
32447,1.2
32457,85.695
32468,99.745
32473,88.655
32474,1.01
32482,1.055
32483,1.025
32485,1.15
32486,1.025
32487,1.075
32506,1.41
32507,1.06
32508,1.03
32509,1.015
32510,1.145
32512,4.855
32513,1.015
32514,1.01
32528,31.17
32529,1.19
32530,1.04
32559,98.52
32562,4.1
32563,5.15
32564,1.015
32595,115.84
32596,1.095
32607,33.185
32650,201.455
32654,27.02
32656,14.21
32663,1.125
32664,1.145
32665,9.32
32666,1.0
32669,12.485
32670,1.035
32672,14.81
32673,1.03
32675,10.065
32715,64.155
32717,1.1
32718,43.42
32719,5.87
32721,1.035
32722,4.895
32723,1.025
32724,15.315
32738,6.06
32743,19.12
32744,15.22
32752,18.725
32753,1.16
32754,13.555
32755,1.02
32776,36.095
32777,15.26
32778,1.03
32787,4.345
32791,99.55
32796,1.15
32799,1.08
32840,103.49
33040,438.895
33042,1.245
33053,117.655
33068,26.49
33095,70.215
33099,1.115
33101,1.06
33108,13.035
33109,25.925
33126,38.045
33127,31.515
33128,1.05
33131,1.01
33132,1.03
33135,1.115
33139,7.66
33141,8.31
33152,1.14
33181,32.745
33189,24.45
33190,1.105
33194,1.035
33195,1.04
33202,12.22
33203,4.865
33205,1.12
33218,1.065
33224,1.1
33226,1.04
33302,101.13
33351,313.49
33362,26.67
33364,2.73
33367,11.99
33380,1.19
33400,49.375
33401,1.065
33402,1.25
33428,142.665
33429,1.355
33430,1.025
33431,1.065
33448,4.5
33500,278.93
33504,1.09
33507,6.29
33509,1.045
33513,1.105
33526,47.76
33528,1.03
33532,23.405
33593,73.935
33604,19.145
33609,5.325
33610,1.045
33615,27.045
33635,77.08
33636,1.12
33641,1.925
33643,1.14
33650,1.11
33657,1.165
33658,1.1
33659,10.395
33686,1.15
33687,1.005
33692,5.645
33709,36.63
33751,4.655
33752,4.415
33753,1.11
33756,1.07
33757,36.275
33759,8.6
33760,4.375
33763,34.72
33777,5.985
33778,20.82
33779,14.96
33781,5.935
33797,24.04
33798,48.89
33805,198.53
33830,84.57
33832,1.025
33833,8.615
33834,1.08
33840,234.235
33851,1.145
33854,1.06
33855,9.05
33883,94.155
33884,1.05
33885,5.38
33886,1.115
33887,1.06
33908,107.83
33909,1.035
33921,11.12
33925,4.96
33926,4.23
33927,1.63
33932,13.925
33937,1.22
33941,8.56
33943,1.095
33944,1.025
33945,1.08
33973,243.775
33983,208.525
33984,13.875
33985,17.51
34009,167.53
34011,2.125
34012,1.015
34013,4.98
34018,1.15
34021,5.77
34023,4.93
34032,4.275
34033,4.86
34051,21.925
34066,148.95
34067,1.02
34072,1.135
34085,46.4
34090,80.395
34097,28.385
34101,1.085
34107,1.07
34110,181.73
34111,7.525
34114,1.05
34124,11.755
34127,1.305
34200,260.415
34205,11.71
34206,1.06
34207,1.085
34218,1.3
34226,7.965
34231,4.98
34265,169.725
34266,69.215
34267,1.265
34270,4.585
34319,118.3
34332,41.89
34333,5.465
34340,102.765
34387,261.04
34391,6.89
34417,33.685
34454,144.62
34455,4.745
34456,77.51
34457,22.82
34459,50.84
34462,1.205
34463,1.05
34478,15.82
34479,5.55
34494,4.37
34524,57.04
34525,15.125
34529,1.06
34531,59.95
34535,13.245
34537,1.08
34539,5.385
34608,550.815
34618,157.2
34676,32.19
34679,102.425
34688,8.27
34718,89.44
34725,5.955
34726,4.33
34727,8.625
34729,1.15
34732,1.61
34745,6.08
34749,13.98
34801,47.885
34802,1.01
34809,1.04
34810,1.185
34862,39.7
34863,1.06
34864,1.09
34866,1.045
34867,1.075
34868,4.64
34869,1.02
34880,1.645
34881,33.61
34882,1.21
34883,1.295
34890,43.84
34893,230.1
34908,6.23
34913,38.085
34916,5.23
34917,1.14
34922,28.415
34928,1.06
34929,1.03
34945,153.64
34947,1.005
34952,50.445
34954,1.21
34956,1.1
34957,20.925
34968,21.215
34970,1.02
34975,242.645
35020,127.555
35026,11.165
35029,3.645
35031,22.115
35033,25.13
35034,16.935
35038,51.23
35039,5.49
35042,1.35
35044,1.42
35055,7.015
35056,1.03
35057,5.16
35058,1.055
35073,1.19
35111,12.275
35112,10.515
35113,1.265
35135,27.365
35141,6.06
35152,5.95
35153,1.095
35154,1.055
35155,1.01
35157,1.285
35159,4.45
35160,1.065
35161,1.015
35165,20.135
35290,518.505
35292,7.265
35293,1.045
35295,1.065
35299,16.45
35301,1.07
35302,46.825
35303,44.935
35304,1.105
35317,1.24
35318,1.175
35348,152.38
35363,98.9
35375,128.365
35377,85.705
35381,93.235
35411,278.06
35412,1.02
35426,9.285
35428,31.185
35429,1.04
35441,77.915
35449,1.305
35451,1.105
35452,23.515
35550,437.37
35552,1.1
35596,5.745
35597,1.36
35598,1.06
35599,62.22
35602,1.09
35630,11.525
35631,1.015
35637,45.795
35638,99.61
35640,1.145
35655,51.98
35656,1.155
35662,33.245
35664,8.63
35666,189.115
35690,147.02
35691,4.445
35693,1.14
35695,5.365
35703,42.255
35707,91.235
35709,1.055
35729,57.96
35730,5.67
35731,1.065
35739,4.43
35740,1.13
35777,315.945
35778,25.63
35790,59.515
35791,5.105
35795,5.395
35796,4.89
35798,18.465
35799,1.19
35811,39.855
35812,15.43
35813,1.01
35881,322.815
35882,1.005
35907,7.08
35916,1.035
35917,7.715
35930,11.285
35933,9.38
35946,8.115
35947,1.06
35952,1.48
35953,1.03
35954,1.01
35955,1.115
35957,4.555
35958,1.225
35961,20.51
35962,1.06
35970,74.06
35972,5.135
35978,119.485
35991,95.465
36002,41.8
36013,53.13
36014,1.1
36015,1.015
36016,1.005
36019,12.69
36020,4.86
36024,15.435
36026,1.06
36027,39.94
36029,1.005
36044,108.135
36052,17.43
36061,4.235
36062,1.025
36065,1.33
36066,1.08
36089,9.05
36094,12.295
36098,19.045
36099,15.795
36102,125.595
36109,1.065
36110,1.055
36117,1.105
36125,1.16
36133,7.38
36136,1.11
36138,32.045
36140,8.265
36141,1.115
36146,1.035
36148,54.605
36149,1.01
36150,1.015
36151,1.03
36182,201.5
36183,7.0
36197,19.685
36198,1.105
36199,1.14
36202,1.015
36213,17.205
36215,31.62
36217,1.18
36244,21.645
36257,125.785
36258,4.65
36290,59.645
36291,1.05
36314,1.13
36361,63.295
36368,12.17
36370,1.07
36372,23.3
36373,9.315
36409,136.4
36442,155.285
36444,1.065
36454,39.75
36455,1.02
36456,19.75
36457,15.85
36458,1.19
36464,5.385
36466,1.525
36471,12.95
36474,1.015
36475,1.015
36476,20.65
36528,165.23
36531,6.525
36562,1.38
36566,1.39
36567,1.73
36568,1.07
36570,14.395
36571,8.905
36572,2.085
36579,39.64
36580,1.065
36602,63.16
36604,16.005
36608,12.535
36611,22.575
36617,17.165
36618,4.33
36619,1.065
36625,84.215
36642,63.155
36643,1.77
36657,7.99
36688,143.23
36704,59.765
36739,269.275
36740,1.125
36741,1.24
36743,1.36
36744,166.08
36752,85.36
36753,1.02
36756,34.465
36758,1.18
36759,1.635
36781,171.58
36782,1.07
36783,40.43
36789,79.195
36814,254.085
36815,5.175
36820,56.49
36821,7.38
36822,1.075
36823,1.02
36825,8.06
36827,1.01
36833,226.935
36907,450.85
36910,1.015
36911,9.29
36923,5.4
36969,151.035
36970,1.13
36973,12.38
36974,1.285
36975,12.625
37036,250.185
37040,180.215
37045,4.61
37046,1.02
37052,1.105
37070,56.525
37071,9.12
37088,8.465
37093,11.915
37097,30.81
37105,20.185
37141,15.96
37142,1.235
37148,1.1
37149,1.385
37150,4.31
37151,1.015
37152,1.04
37179,229.81
37230,105.35
37231,4.58
37240,37.575
37246,8.18
37247,1.075
37248,6.595
37252,4.745
37253,4.94
37254,1.09
37255,5.425
37259,1.075
37263,15.15
37264,1.02
37283,48.53
37285,4.97
37286,1.02
37287,1.025
37290,58.22
37292,78.845
37303,168.905
37310,17.715
37315,1.15
37316,1.075
37317,3.81
37328,10.935
37330,5.61
37378,153.955
37479,377.925
37483,1.115
37488,25.845
37519,17.85
37523,5.105
37526,4.195
37531,13.165
37536,11.235
37540,1.025
37541,79.92
37542,4.575
37544,1.135
37546,12.36
37653,128.19
37655,1.075
37656,1.05
37659,4.975
37693,108.115
37696,10.17
37697,4.96
37699,1.095
37704,26.13
37716,179.365
37717,1.04
37721,1.11
37733,3.65
37734,1.535
37743,5.9
37747,1.085
37784,104.69
37786,8.375
37787,1.11
37791,13.915
37794,1.015
37798,1.07
37805,126.85
37810,58.68
37811,9.585
37817,1.185
37818,1.05
37831,9.44
37832,25.58
37842,1.3
37843,1.175
37858,100.025
37860,4.81
37861,1.225
37862,5.0
37865,5.425
37867,9.755
37907,227.005
37908,6.14
37910,8.745
37918,42.015
37937,13.625
37941,1.15
37942,1.0
37943,1.06
37944,1.085
37945,16.32
37949,27.78
37950,1.07
37953,1.025
37983,24.595
37985,1.01
37986,1.08
37987,1.055
37990,1.13
37991,1.065
37992,1.275
37997,4.645
38109,598.015
38112,5.65
38155,400.19
38171,226.56
38173,4.765
38185,1.985
38196,44.1
38219,16.265
38226,15.96
38227,8.195
38228,1.035
38230,1.055
38231,1.085
38232,1.44
38251,25.515
38257,26.73
38261,1.18
38262,1.04
38264,199.29
38276,8.4
38279,1.105
38280,1.065
38284,9.605
38285,4.45
38289,85.01
38290,1.06
38291,4.79
38295,4.83
38296,1.06
38297,75.25
38300,1.105
38305,114.6
38308,33.02
38309,4.22
38313,4.135
38317,71.615
38319,1.05
38321,7.47
38322,9.46
38323,1.03
38343,11.675
38347,1.465
38349,1.08
38350,1.005
38351,6.15
38352,1.03
38374,67.735
38375,27.47
38378,3.36
38379,26.88
38384,4.43
38413,292.75
38415,4.39
38417,1.045
38418,1.06
38432,1.175
38439,1.095
38446,18.425
38447,1.675
38448,1.09
38450,1.005
38452,11.805
38513,22.075
38515,7.825
38527,89.95
38529,9.565
38530,5.38
38533,9.49
38534,1.055
38540,4.915
38542,1.105
38549,19.1
38553,57.485
38556,14.82
38557,5.315
38564,1.265
38567,17.66
38572,1.015
38575,5.505
38576,1.025
38578,1.09
38584,20.135
38589,20.085
38590,1.15
38595,47.015
38606,63.31
38607,14.05
38608,1.2
38632,13.715
38633,9.125
38645,6.01
38670,294.245
38672,1.105
38675,3.685
38681,1.105
38683,40.615
38685,1.05
38687,8.605
38694,74.33
38697,4.995
38699,20.38
38711,1.13
38712,1.05
38713,1.015
38714,1.015
38716,1.125
38721,20.69
38724,1.0
38725,1.08
38748,64.805
38804,78.685
38805,5.24
38806,13.7
38810,127.07
38812,8.39
38816,25.2
38818,1.14
38820,30.205
38829,17.01
38830,1.145
38831,1.08
38858,291.635
38861,11.975
38863,1.13
38868,1.105
38869,58.395
38881,1.25
38884,1.02
38887,1.925
38888,1.025
38890,1.06
38898,144.305
38899,1.005
38921,189.735
38922,4.555
38966,447.655
38968,1.41
38969,101.26
38970,1.285
38977,53.155
38979,1.195
38980,1.15
38981,1.595
38983,1.92
38985,1.045
38987,1.025
39037,75.87
39050,47.455
39062,45.855
39063,1.275
39078,1.215
39092,45.305
39093,5.46
39108,20.125
39111,7.485
39113,1.635
39120,1.175
39121,4.65
39140,1.695
39143,44.925
39144,6.33
39145,1.015
39160,62.995
39161,1.295
39172,12.805
39173,6.12
39174,54.28
39186,7.71
39187,1.345
39190,6.705
39192,1.02
39193,10.33
39194,1.345
39196,1.11
39197,1.3
39218,8.49
39219,41.465
39220,43.97
39221,1.125
39223,1.025
39238,11.73
39239,1.055
39244,19.065
39251,1.13
39258,215.3
39264,125.865
39298,21.26
39305,1.29
39327,1.245
39329,1.015
39335,8.74
39339,1.125
39341,6.55
39343,23.31
39344,1.015
39345,1.19
39346,1.1
39365,26.71
39367,18.68
39371,15.265
39372,1.035
39374,32.21
39375,1.195
39378,1.19
39385,16.3
39418,1.61
39429,6.41
39435,6.075
39436,1.045
39437,1.055
39438,1.065
39439,1.145
39443,1.16
39446,22.89
39447,1.245
39448,1.035
39450,1.115
39451,8.43
39460,1.795
39465,15.22
39478,15.28
39480,22.165
39491,2.19
39492,4.73
39494,1.105
39521,302.43
39522,1.02
39526,1.19
39527,1.145
39529,1.27
39536,7.55
39542,1.165
39543,1.09
39577,116.195
39578,1.07
39579,1.005
39582,1.095
39583,1.015
39587,1.06
39597,40.76
39598,1.005
39659,285.965
39696,280.81
39713,22.17
39714,1.025
39718,4.275
39720,17.015
39721,1.03
39722,4.485
39741,44.39
39743,4.815
39746,1.105
39769,9.965
39789,120.025
39790,1.155
39791,1.065
39794,1.01
39808,46.105
39815,16.81
39820,135.33
39822,1.025
39856,1.33
39871,31.215
39872,26.855
39876,20.36
39882,53.135
39902,64.68
39903,1.195
39908,21.23
39910,1.415
39913,1.065
39920,2.005
39921,1.015
39923,32.2
39949,37.66
39950,1.06
39951,1.07
39952,1.025
39955,28.375
39956,1.04
39960,1.1
39962,1.085
39963,1.015
39965,1.06
39968,40.045
39969,7.7
39976,1.045
39978,1.02
39999,7.535
40000,37.45
40006,1.17
40011,1.175
40012,1.075
40013,16.145
40014,26.925
40033,25.445
40034,55.73
40037,23.645
40041,5.675
40045,1.07
40050,1.105
40098,24.985
40099,23.62
40100,1.15
40108,18.025
40126,59.215
40170,365.055
40173,13.88
40178,1.08
40181,232.08
40208,143.52
40209,17.235
40215,1.09
40216,1.06
40218,1.01
40225,1.235
40242,198.325
40244,1.045
40246,1.02
40270,281.345
40274,15.575
40275,1.115
40279,1.03
40282,7.505
40321,44.11
40324,2.135
40325,2.1
40330,5.06
40331,1.135
40339,11.775
40341,7.795
40343,17.985
40346,1.04
40350,11.81
40353,10.45
40393,71.94
40394,1.07
40400,1.165
40402,4.41
40403,1.02
40405,4.75
40407,8.695
40411,7.53
40412,5.33
40415,7.275
40417,9.875
40419,9.53
40420,1.07
40425,25.255
40427,158.65
40431,1.32
40440,83.825
40443,1.12
40444,1.27
40445,1.015
40447,1.015
40495,257.035
40496,1.055
40497,1.115
40498,1.135
40508,19.19
40509,1.085
40516,4.595
40552,80.11
40599,235.945
40600,10.52
40607,64.445
40608,127.98
40610,1.04
40611,1.035
40618,13.085
40621,82.41
40622,1.095
40636,9.3
40639,1.285
40640,1.41
40641,1.015
40642,1.01
40649,115.77
40666,23.63
40671,1.085
40675,1.175
40682,71.735
40683,1.03
40684,1.035
40720,47.88
40728,23.985
40729,7.7
40732,13.295
40735,1.005
40736,5.63
40739,1.065
40740,35.395
40741,9.53
40745,102.695
40748,1.06
40750,1.04
40751,5.565
40758,24.12
40761,1.07
40762,1.14
40764,1.37
40765,5.48
40767,1.11
40768,1.05
40769,1.075
40771,1.155
40772,16.785
40773,3.01
40776,1.02
40778,1.1
40781,8.925
40783,1.075
40784,4.93
40790,1.635
40797,11.875
40811,83.425
40823,27.695
40824,1.07
40826,1.735
40839,16.03
40847,93.65
40848,2.925
40855,299.605
40857,22.39
40978,347.8
40984,45.56
40987,1.055
40990,131.855
40995,54.34
41002,4.53
41025,1.365
41031,4.725
41032,1.05
41036,4.455
41037,1.015
41058,87.66
41077,25.21
41078,16.7
41079,1.025
41080,1.185
41119,125.555
41124,1.095
41127,12.985
41128,1.08
41129,1.045
41132,5.51
41133,138.9
41134,9.05
41140,90.25
41141,1.02
41157,56.675
41161,15.85
41169,225.185
41170,4.585
41190,40.64
41191,1.025
41192,1.025
41193,1.08
41196,1.08
41199,169.045
41202,148.95
41207,1.0
41212,87.63
41217,1.18
41283,149.625
41302,1.015
41303,1.135
41304,1.1
41308,70.32
41321,24.655
41333,33.4
41342,1.09
41347,1.255
41353,1.16
41354,7.665
41357,8.59
41358,1.005
41366,1.16
41367,1.15
41380,42.5
41382,1.015
41387,18.52
41418,30.69
41419,1.035
41421,1.015
41425,187.62
41426,1.06
41427,1.285
41428,1.02
41434,1.15
41451,75.12
41452,1.05
41473,173.115
41475,25.175
41476,69.6
41477,1.085
41478,8.59
41554,189.25
41567,96.39
41569,11.495
41574,37.24
41577,1.105
41579,35.51
41610,138.295
41611,1.03
41665,302.31
41666,12.605
41667,1.035
41668,4.89
41669,1.02
41676,9.32
41677,8.165
41725,40.69
41726,15.015
41767,77.53
41797,1.155
41798,68.715
41799,1.115
41801,1.08
41802,5.41
41813,102.305
41839,8.4
41862,53.625
41865,13.12
41875,17.035
41876,1.055
41877,8.325
41882,1.1
41883,16.51
41884,4.925
41885,10.1
41899,63.655
41918,149.57
41919,1.135
41935,53.865
41936,1.03
41946,1.23
41947,1.03
41961,1.135
41992,15.005
41995,1.07
41996,1.63
41997,1.04
42001,114.36
42004,12.57
42041,46.935
42043,1.03
42062,52.24
42065,8.77
42067,32.325
42068,1.075
42071,1.07
42072,1.015
42077,1.155
42080,74.63
42081,1.015
42092,262.545
42094,4.055
42098,36.095
42143,163.95
42149,8.01
42164,1.19
42169,6.23
42170,28.51
42171,1.055
42172,8.845
42198,1.16
42199,6.085
42201,38.035
42202,1.21
42204,17.01
42205,8.435
42220,138.78
42222,1.31
42223,23.88
42224,1.0
42226,1.04
42227,1.02
42228,15.105
42259,10.06
42281,29.225
42284,31.555
42285,1.025
42293,65.305
42294,87.755
42295,1.03
42299,19.11
42300,1.165
42304,1.175
42305,1.045
42307,1.03
42310,1.0
42313,1.09
42314,4.535
42317,1.64
42318,1.11
42320,1.01
42322,8.225
42324,7.315
42327,8.67
42331,1.02
42332,1.14
42341,61.19
42342,30.93
42343,1.045
42348,21.26
42349,4.36
42353,4.955
42355,222.895
42357,1.025
42366,116.02
42373,15.055
42386,16.75
42389,21.09
42401,1.19
42402,4.515
42403,1.03
42413,5.68
42414,12.415
42417,1.06
42429,159.72
42430,1.045
42433,5.7
42438,65.43
42444,1.38
42453,4.395
42472,32.295
42485,5.62
42487,5.64
42492,23.87
42498,20.365
42499,1.175
42500,1.075
42501,1.58
42505,232.605
42507,8.34
42512,4.895
42531,66.675
42551,347.26
42552,1.04
42556,1.18
42564,43.685
42565,1.395
42566,19.99
42572,16.115
42573,1.05
42576,6.365
42578,1.13
42584,4.88
42585,2.195
42586,11.585
42589,79.43
42598,1.06
42610,14.19
42623,1.215
42624,1.185
42625,1.065
42633,4.785
42635,1.015
42636,1.06
42637,4.07
42639,9.84
42659,28.8
42668,9.88
42674,11.4
42675,1.28
42685,1.08
42697,5.705
42699,1.055
42700,1.015
42709,1.22
42714,21.385
42716,4.81
42719,20.81
42744,47.97
42746,1.005
42748,1.095
42749,63.58
42753,1.17
42754,12.825
42758,15.175
42766,1.295
42767,2.23
42774,1.015
42791,4.86
42793,58.285
42808,7.51
42809,1.075
42810,14.03
42821,62.28
42825,75.02
42843,29.595
42853,1.97
42854,1.145
42867,8.425
42883,277.515
42886,77.475
42887,1.01
42895,162.12
42898,1.025
42919,106.385
42920,8.365
42922,5.08
42923,1.095
42926,1.145
42938,5.255
42939,1.255
42972,43.88
42994,226.53
42995,1.07
43002,1.12
43003,1.015
43005,16.145
43008,1.085
43009,1.045
43010,1.015
43011,4.13
43012,14.435
43014,1.095
43015,5.28
43025,113.25
43031,1.125
43032,1.64
43051,150.86
43052,12.37
43053,5.825
43066,99.05
43078,9.28
43088,162.94
43098,4.03
43105,65.255
43116,1.05
43128,27.565
43130,1.16
43131,1.035
43160,441.205
43161,1.605
43162,1.235
43227,57.17
43229,13.175
43230,5.75
43277,114.65
43278,1.065
43279,1.07
43281,1.1
43287,1.12
43289,1.51
43303,168.505
43304,92.59
43312,35.125
43313,1.07
43314,1.03
43369,78.73
43371,5.495
43379,2.03
43405,25.255
43406,1.085
43408,4.21
43411,1.05
43430,13.305
43449,109.94
43451,1.24
43452,1.59
43457,4.425
43465,36.805
43469,2.52
43470,31.615
43483,98.045
43484,82.25
43601,175.275
43602,19.83
43603,1.335
43604,1.155
43613,1.405
43614,1.02
43647,1.335
43649,1.06
43652,1.01
43653,1.04
43683,36.32
43685,1.04
43697,28.485
43698,1.15
43704,4.74
43705,1.43
43708,1.025
43712,19.065
43713,1.035
43714,4.865
43715,1.57
43725,25.61
43731,5.305
43733,25.055
43734,5.38
43737,49.325
43739,46.75
43742,1.07
43743,33.78
43744,1.235
43765,58.745
43779,20.035
43781,12.95
43850,243.965
43856,14.785
43859,1.11
43870,42.605
43875,41.81
43887,25.435
43889,5.675
43891,16.24
43892,8.245
43924,77.68
43925,8.735
43929,1.065
43961,323.28
43988,63.81
43989,1.975
43996,1.0
43997,1.125
44011,91.21
44019,16.1
44021,1.49
44022,37.175
44033,5.065
44034,1.06
44065,37.62
44069,1.06
44070,59.79
44072,107.16
44075,1.015
44079,24.93
44080,4.86
44083,1.01
44087,35.995
44091,118.27
44099,64.185
44105,1.225
44107,33.37
44111,8.425
44123,154.395
44125,16.77
44127,1.075
44135,22.58
44183,257.71
44191,6.665
44192,1.145
44194,4.62
44237,34.595
44239,1.01
44244,42.52
44245,1.18
44251,91.985
44255,55.235
44256,1.175
44278,164.54
44322,178.135
44323,140.195
44325,1.025
44326,4.05
44329,1.57
44333,1.135
44335,17.365
44340,1.135
44343,1.585
44344,1.22
44365,65.49
44385,36.655
44386,5.375
44388,17.66
44392,1.15
44434,319.96
44467,35.28
44479,18.71
44481,1.195
44483,44.485
44495,21.855
44496,1.175
44501,1.845
44502,45.955
44503,1.475
44512,5.19
44513,5.32
44514,1.285
44516,5.41
44520,1.09
44612,500.535
44613,1.035
44622,7.8
44623,11.425
44631,1.245
44645,64.68
44648,1.3
44659,4.78
44666,15.585
44674,15.29
44675,1.09
44676,1.06
44677,1.05
44678,1.02
44679,1.13
44685,74.315
44687,17.57
44688,1.135
44696,9.035
44701,1.075
44702,9.11
44706,1.62
44707,1.005
44785,302.205
44790,8.195
44791,6.0
44793,5.455
44794,4.57
44795,1.03
44797,22.855
44803,5.255
44804,7.715
44866,312.885
44870,1.065
44878,1.21
44880,1.055
44881,1.035
44882,1.03
44900,28.465
44934,103.535
44936,1.05
44937,1.375
44938,1.125
44943,119.09
44944,6.31
44945,1.01
44948,1.06
44951,1.12
44952,1.01
45009,313.64
45015,4.89
45034,1.195
45039,45.6
45045,1.06
45051,1.175
45052,1.06
45053,18.45
45054,4.305
45055,1.265
45083,80.26
45086,1.255
45098,31.105
45102,1.135
45104,1.005
45105,1.21
45106,1.02
45107,19.825
45108,1.03
45121,39.635
45132,114.34
45133,1.015
45163,429.24
45166,8.67
45167,1.21
45168,5.325
45169,15.615
45180,97.01
45183,140.12
45185,1.05
45194,20.32
45199,117.47
45200,1.86
45207,13.195
45208,5.63
45212,1.065
45213,1.015
45214,1.06
45221,22.55
45227,44.005
45228,1.08
45229,11.955
45230,34.855
45242,165.92
45243,30.04
45246,12.505
45266,40.44
45268,28.735
45269,33.88
45271,9.955
45272,5.705
45274,1.075
45294,9.4
45303,1.145
45319,13.315
45320,1.08
45331,52.35
45343,3.7
45344,11.685
45345,1.17
45365,23.75
45384,93.165
45386,1.055
45421,3.08
45422,1.085
45438,109.245
45439,1.245
45441,25.205
45445,4.525
45449,10.18
45451,1.03
45462,2.255
45464,1.045
45530,330.365
45531,1.045
45533,1.06
45541,234.315
45542,8.655
45549,22.645
45554,5.185
45555,1.025
45556,1.01
45559,1.05
45561,1.09
45565,21.025
45580,43.785
45584,1.125
45587,1.025
45595,8.89
45603,6.75
45611,1.025
45616,2.05
45617,9.735
45637,128.675
45640,1.02
45641,28.055
45652,1.07
45653,1.085
45654,38.02
45670,45.82
45671,1.03
45675,43.26
45677,8.165
45678,5.465
45683,92.38
45689,1.115
45692,32.32
45693,1.335
45694,3.365
45696,46.845
45697,26.265
45732,136.23
45746,53.595
45747,13.435
45773,61.4
45779,287.315
45786,1.265
45787,35.625
45789,1.06
45790,1.03
45791,1.115
45792,5.27
45793,3.835
45809,1.275
45818,53.535
45823,87.975
45826,1.1
45827,1.0
45838,36.675
45839,13.775
45856,20.225
45858,9.215
45861,5.4
45862,4.03
45886,252.945
45888,38.645
45889,9.145
45890,5.965
45891,58.22
45900,17.585
45901,1.045
45903,1.14
45905,1.165
45920,103.35
45970,318.49
45978,64.52
45982,1.095
45983,41.805
45989,1.04
45990,34.005
45991,1.04
45997,1.215
45999,1.01
46001,4.75
46003,1.11
46006,6.045
46013,31.765
46025,1.08
46026,1.03
46029,1.03
46030,3.415
46031,1.065
46032,1.04
46033,1.36
46042,17.93
46043,1.015
46063,3.705
46065,1.14
46068,1.175
46069,1.085
46081,16.88
46083,1.095
46088,6.545
46091,1.79
46108,6.415
46109,1.515
46110,1.36
46115,1.02
46119,1.075
46144,34.405
46145,1.0
46146,1.025
46147,1.125
46148,1.06
46149,1.085
46150,1.22
46151,28.725
46152,9.475
46153,1.025
46154,4.455
46155,9.08
46158,1.035
46160,229.88
46170,1.115
46179,19.355
46229,151.465
46232,1.125
46238,1.025
46244,1.05
46259,30.36
46263,8.075
46267,35.035
46294,23.795
46295,1.285
46342,310.43
46344,1.12
46353,12.325
46354,4.25
46358,9.805
46359,1.015
46360,5.355
46361,7.855
46363,1.165
46373,1.18
46374,1.47
46400,126.44
46404,1.05
46405,1.005
46415,158.27
46416,1.24
46435,21.25
46439,37.015
46445,8.275
46449,28.545
46451,5.16
46454,1.035
46457,1.135
46460,21.64
46461,1.14
46462,1.005
46491,11.025
46497,2.3
46532,4.225
46533,1.03
46554,53.835
46556,12.405
46557,1.015
46558,5.96
46559,1.035
46572,31.095
46576,1.035
46577,1.015
46583,8.285
46589,20.735
46599,9.91
46600,1.035
46601,1.025
46607,21.89
46608,1.05
46618,64.485
46663,94.7
46664,5.375
46668,260.155
46671,1.23
46672,1.285
46673,1.01
46684,34.58
46685,31.56
46690,1.225
46691,35.005
46692,1.175
46698,15.85
46716,129.255
46732,80.125
46733,1.245
46735,16.09
46738,1.085
46739,1.06
46741,109.645
46743,4.89
46747,1.085
46748,1.155
46783,208.62
46784,1.03
46797,228.235
46798,1.87
46799,1.37
46800,7.31
46803,1.035
46847,393.485
46857,48.605
46858,1.01
46863,12.5
46902,10.05
46905,1.11
46914,92.195
46915,1.05
46921,3.87
46937,6.02
46963,95.265
46964,1.065
46969,11.47
46981,73.375
46982,1.105
46985,1.04
46988,11.945
47005,13.765
47029,13.805
47030,1.125
47045,35.22
47046,1.22
47047,1.02
47052,66.24
47055,5.525
47056,10.235
47058,1.265
47094,46.595
47096,13.545
47098,28.67
47110,68.75
47111,1.655
47128,162.315
47129,1.065
47174,9.445
47175,1.115
47176,1.75
47194,9.66
47205,63.765
47208,1.135
47209,1.02
47213,5.025
47237,49.725
47243,1.05
47247,1.18
47255,1.165
47261,6.42
47262,1.08
47263,1.09
47271,13.48
47272,15.17
47275,39.18
47276,1.81
47277,1.18
47290,14.055
47291,1.02
47295,1.07
47299,5.675
47306,8.31
47311,9.39
47312,1.0
47314,38.66
47315,1.055
47327,204.77
47330,21.98
47331,1.1
47337,11.065
47371,1.36
47372,1.115
47380,27.685
47398,140.11
47399,54.0
47403,4.79
47405,1.43
47424,1.565
47432,152.52
47437,24.18
47442,17.645
47447,1.125
47448,1.02
47449,1.025
47450,1.04
47451,1.015
47463,88.68
47486,90.615
47488,11.215
47504,8.245
47506,1.07
47522,5.41
47524,21.505
47527,19.86
47528,30.225
47556,59.255
47569,19.03
47571,68.485
47608,11.11
47609,5.385
47628,36.025
47640,12.93
47643,1.04
47646,4.745
47647,4.24
47648,1.065
47649,1.02
47651,4.945
47653,1.025
47667,32.06
47669,20.535
47670,1.165
47674,128.03
47675,1.085
47679,153.74
47710,259.26
47714,1.015
47717,17.82
47718,32.055
47719,1.005
47722,6.18
47723,3.875
47724,1.025
47731,4.79
47732,1.07
47735,49.625
47763,139.015
47765,236.185
47772,4.375
47776,159.58
47787,33.68
47789,141.525
47796,23.535
47828,20.615
47829,1.1
47831,5.255
47856,374.14
47857,78.37
47865,31.49
47872,32.645
47880,32.865
47881,1.11
47882,49.42
47883,1.04
47890,49.865
47892,12.82
47894,3.51
47895,51.59
47896,1.045
47911,153.675
47968,472.055
47976,42.925
47999,9.42
48000,61.65
48002,1.185
48003,14.59
48006,64.73
48009,1.01
48014,9.555
48019,5.31
48032,58.47
48038,1.035
48043,183.39
48045,4.185
48049,13.745
48050,9.325
48051,1.075
48071,116.46
48072,1.02
48073,16.53
48076,1.07
48077,1.39
48083,46.825
48090,2.065
48091,1.06
48094,1.025
48104,23.395
48105,19.455
48115,104.71
48118,9.7
48189,362.615
48190,6.285
48192,1.325
48193,16.71
48195,3.5
48196,1.115
48197,8.685
48198,1.01
48199,1.06
48201,46.77
48202,9.05
48203,1.1
48227,116.685
48243,5.06
48255,74.925
48256,27.875
48257,1.06
48267,90.825
48269,1.11
48272,8.02
48277,3.015
48300,67.26
48301,1.41
48310,37.385
48312,8.515
48322,42.07
48333,52.84
48350,5.145
48351,1.03
48352,1.015
48353,1.605
48358,1.07
48360,1.08
48361,1.065
48362,4.345
48363,2.215
48423,121.975
48424,8.64
48435,18.455
48436,4.815
48439,12.5
48442,8.905
48443,1.02
48444,9.95
48446,8.875
48448,1.225
48454,5.185
48466,1.12
48471,115.465
48487,83.055
48488,1.005
48498,13.895
48507,290.045
48527,16.005
48536,61.76
48537,16.88
48540,1.285
48541,1.09
48542,1.095
48546,29.89
48548,51.465
48549,85.04
48550,30.825
48561,87.7
48567,164.13
48569,19.225
48570,1.235
48575,39.73
48576,1.035
48577,4.04
48625,37.235
48634,60.82
48640,23.62
48642,33.87
48643,1.055
48645,1.15
48648,7.625
48649,1.01
48657,16.305
48659,11.235
48660,1.01
48662,1.32
48666,1.085
48669,1.13
48686,120.59
48688,1.095
48691,1.095
48703,304.735
48707,19.065
48712,1.89
48745,95.78
48747,1.015
48773,28.62
48790,70.995
48793,1.095
48795,10.09
48802,1.16
48863,268.49
48868,13.765
48869,1.05
48870,11.255
48871,1.2
48874,1.025
48876,1.75
48878,1.06
48879,1.215
48880,1.085
48906,11.175
48931,1.34
48934,1.04
48935,1.02
48951,177.325
48952,1.095
48954,1.035
48956,20.545
48957,1.595
48958,1.05
48969,12.355
48970,1.05
48971,8.51
49009,119.53
49011,106.02
49019,20.865
49020,202.22
49021,1.02
49024,31.35
49033,15.905
49034,20.365
49118,502.255
49130,1.12
49138,86.075
49141,1.03
49147,20.305
49148,1.105
49151,1.09
49159,8.565
49163,29.815
49164,1.045
49184,42.955
49197,44.89
49199,1.12
49200,1.035
49236,182.925
49241,1.18
49242,123.895
49246,1.035
49247,20.33
49248,8.415
49251,18.765
49258,244.895
49270,1.51
49271,1.035
49272,1.03
49292,37.915
49294,1.09
49296,8.39
49297,4.105
49305,1.375
49307,5.27
49308,9.465
49319,21.54
49321,1.12
49344,36.975
49348,5.69
49349,8.24
49352,4.325
49359,20.525
49360,1.05
49361,1.015
49364,1.11
49365,1.355
49387,528.35
49391,33.105
49421,34.895
49422,18.225
49424,13.8
49458,63.985
49459,6.585
49460,4.215
49462,1.11
49466,1.05
49468,7.695
49486,354.82
49487,1.02
49495,12.5
49508,43.64
49525,50.31
49539,8.75
49540,1.64
49541,4.65
49551,13.755
49565,4.995
49567,1.05
49569,8.565
49586,132.41
49605,8.625
49613,34.28
49626,5.475
49628,3.82
49630,5.525
49632,72.915
49633,1.04
49638,1.165
49641,18.215
49648,97.9
49650,54.635
49661,5.95
49665,1.245
49669,37.325
49674,16.47
49675,1.115
49676,1.065
49684,30.855
49686,4.025
49687,16.53
49689,140.335
49691,1.055
49700,113.31
49701,1.495
49702,21.94
49737,136.41
49738,1.1
49740,1.075
49741,1.035
49742,1.005
49744,1.13
49747,239.135
49749,48.805
49751,1.05
49770,12.26
49799,6.04
49807,1.48
49934,64.3
49939,1.315
49941,108.62
49944,206.64
49962,1.39
49963,4.7
49964,1.04
49970,8.91
49973,14.46
49974,1.07
49976,6.775
49989,17.2
49990,1.11
49991,8.49
49992,1.02
49997,11.07
49998,9.88
50003,1.065
50004,5.68
50008,16.435
50009,16.16
50010,5.37
50011,1.025
50036,29.23
50037,10.13
50039,7.245
50042,4.755
50043,1.035
50077,39.005
50082,103.775
50096,117.675
50097,1.16
50098,1.015
50102,5.37
50105,1.99
50122,200.235
50124,9.66
50125,1.045
50148,82.165
50163,119.87
50174,8.895
50181,31.54
50183,52.625
50188,1.17
50220,45.175
50223,19.555
50226,5.2
50228,1.165
50244,58.37
50245,1.025
50247,155.95
50251,1.02
50264,9.96
50266,1.0
50267,1.045
50268,1.045
50269,1.055
50278,54.905
50280,1.02
50282,5.375
50283,1.325
50284,1.04
50285,1.04
50286,1.225
50288,1.065
50289,3.51
50292,1.035
50295,16.595
50310,19.285
50312,8.2
50316,13.775
50319,1.235
50340,189.105
50353,44.525
50370,27.075
50371,1.245
50385,105.55
50387,9.825
50399,11.61
50427,278.43
50428,25.565
50448,1.425
50449,1.215
50460,17.025
50462,99.285
50463,1.105
50470,7.92
50475,85.23
50477,5.505
50478,1.215
50479,16.94
50483,1.16
50484,11.17
50505,5.27
50515,211.485
50516,42.68
50537,109.285
50538,11.06
50544,8.5
50545,1.04
50579,25.06
50586,45.535
50588,6.03
50592,13.43
50608,33.425
50619,83.265
50627,197.79
50632,48.09
50633,12.885
50634,1.055
50636,1.02
50637,1.045
50640,8.03
50641,1.015
50642,100.61
50643,1.005
50670,4.465
50671,5.075
50675,38.31
50676,1.025
50686,1.315
50687,1.24
50689,1.06
50691,1.05
50730,35.92
50746,34.925
50757,144.78
50760,1.005
50808,414.32
50809,1.065
50814,1.085
50815,1.005
50820,23.345
50897,281.955
50911,17.705
50918,31.18
50920,63.36
50922,1.005
50934,47.665
50938,1.08
50940,10.18
50941,4.24
50945,20.18
50946,1.015
50983,56.64
50987,1.265
50991,1.0
50992,16.175
51015,53.97
51016,9.445
51027,48.265
51028,1.065
51062,48.615
51063,1.02
51064,1.01
51066,12.3
51068,4.875
51070,1.11
51071,1.045
51087,54.19
51090,31.66
51099,9.32
51100,1.03
51101,4.795
51121,139.55
51124,3.92
51125,1.51
51137,35.32
51142,4.82
51143,29.005
51144,1.05
51145,4.95
51146,7.71
51157,7.985
51159,9.24
51192,19.845
51193,1.31
51196,4.87
51206,4.75
51211,1.295
51215,19.66
51229,5.28
51233,8.115
51236,1.03
51254,16.515
51255,1.215
51257,3.85
51262,14.415
51263,1.025
51265,5.54
51306,179.215
51307,1.05
51318,16.88
51358,363.35
51359,5.99
51360,24.15
51363,1.16
51377,23.555
51378,1.045
51406,102.18
51407,1.03
51425,20.465
51437,209.725
51439,1.025
51459,215.325
51474,63.515
51489,20.87
51494,4.935
51495,1.285
51496,12.5
51504,16.7
51506,1.04
51507,13.765
51517,10.635
51539,1.23
51543,1.085
51545,1.445
51546,1.01
51547,1.01
51548,11.48
51549,2.06
51554,19.01
51556,1.6
51559,1.16
51587,247.59
51588,97.13
51593,1.14
51594,1.06
51603,9.565
51604,5.41
51631,60.045
51638,1.265
51659,99.52
51660,1.06
51662,30.325
51668,9.925
51680,25.9
51684,37.9
51690,91.71
51697,270.385
51699,14.53
51700,149.085
51701,211.39
51704,80.515
51707,2.785
51709,1.16
51713,4.675
51722,5.665
51728,12.625
51729,1.22
51730,1.08
51751,117.99
51756,17.21
51769,13.025
51778,64.16
51779,1.01
51791,5.285
51825,239.265
51847,193.125
51852,1.12
51866,209.48
51876,14.26
51877,8.845
51878,4.86
51897,113.085
51933,247.975
51934,5.855
51951,8.985
51956,35.56
51962,211.005
51963,29.965
51964,1.18
51968,1.67
51969,1.01
51977,6.895
51978,1.21
51979,1.05
51980,1.235
51982,4.45
51983,1.005
51984,1.005
51985,4.63
51986,1.03
52028,216.545
52037,14.795
52041,14.505
52043,1.1
52046,24.12
52064,70.125
52068,27.51
52084,1.065
52086,1.04
52092,1.075
52100,4.2
52128,9.435
52129,1.065
52130,1.04
52131,6.06
52132,1.0
52133,1.125
52136,1.09
52137,1.025
52138,79.94
52139,1.255
52140,1.135
52143,4.625
52162,43.525
52171,16.685
52176,2.375
52177,2.995
52192,231.995
52195,1.035
52196,1.25
52197,1.29
52199,1.1
52202,61.45
52204,12.58
52207,13.59
52208,1.14
52211,8.67
52217,16.795
52219,1.22
52224,1.145
52225,1.125
52228,20.055
52229,1.08
52231,19.735
52252,98.31
52254,1.045
52256,1.035
52290,77.655
52291,5.58
52292,1.06
52297,1.715
52314,21.725
52320,4.755
52321,33.435
52322,4.665
52351,37.17
52355,12.215
52357,1.015
52359,37.585
52360,5.085
52361,1.03
52366,1.045
52370,1.09
52371,4.115
52398,63.64
52412,142.67
52480,28.495
52481,12.295
52482,1.305
52493,30.015
52495,55.565
52497,9.6
52498,1.04
52517,64.075
52518,8.42
52520,1.05
52526,20.5
52527,4.745
52530,1.23
52545,1.175
52547,5.5
52564,4.685
52589,64.975
52591,1.025
52598,1.15
52601,1.075
52602,4.855
52603,1.05
52604,1.525
52607,12.36
52613,1.22
52682,377.465
52683,1.1
52693,13.03
52699,5.03
52700,8.55
52703,249.92
52705,1.33
52706,5.19
52707,1.015
52708,1.155
52726,20.04
52735,15.015
52743,18.395
52744,1.02
52762,17.17
52768,1.25
52769,3.76
52770,1.11
52781,71.47
52785,5.595
52786,1.045
52817,126.545
52856,69.47
52858,24.135
52870,5.17
52907,83.25
52909,4.44
52947,122.885
52948,1.045
52949,25.54
52951,27.07
52956,56.415
52967,25.955
52968,1.08
52970,1.01
52971,1.12
52975,18.895
52976,23.415
52978,1.06
52979,8.53
52982,5.465
52983,1.045
52984,1.2
52987,81.335
52993,4.5
53034,129.62
53054,152.855
53056,127.43
53058,4.66
53073,20.11
53076,1.295
53079,6.715
53082,12.55
53084,1.435
53091,1.335
53097,23.1
53098,238.21
53110,1.485
53213,624.85
53214,1.15
53215,1.765
53219,76.12
53232,18.055
53238,1.05
53239,1.055
53243,4.98
53245,1.05
53246,4.675
53248,1.37
53280,37.9
53342,152.535
53347,10.86
53358,8.71
53359,13.92
53360,5.305
53365,43.765
53367,1.01
53369,1.495
53371,1.175
53375,5.435
53376,1.015
53404,5.46
53405,1.015
53406,1.015
53420,52.42
53423,1.015
53425,1.07
53427,10.975
53455,75.195
53457,1.115
53473,29.435
53481,45.93
53483,257.525
53486,16.815
53488,15.26
53489,1.05
53501,31.495
53502,4.925
53530,21.61
53531,1.035
53533,10.735
53534,1.015
53568,159.68
53569,172.95
53571,1.065
53572,1.03
53573,1.15
53574,1.055
53577,25.935
53578,1.005
53580,76.825
53586,85.475
53588,1.115
53591,15.89
53594,1.245
53599,1.14
53606,4.585
53607,1.04
53608,1.075
53609,14.8
53611,1.07
53617,1.25
53618,1.14
53620,1.015
53628,48.64
53629,1.075
53636,1.08
53637,1.045
53641,1.035
53644,1.12
53651,1.07
53652,1.235
53657,7.75
53661,1.12
53662,1.265
53681,4.945
53682,1.025
53684,14.14
53703,39.785
53709,1.04
53710,12.965
53719,2.155
53738,25.95
53759,10.91
53761,11.66
53784,72.905
53786,1.63
53795,6.015
53802,5.73
53803,1.105
53806,4.59
53807,1.145
53808,1.04
53820,5.43
53821,1.075
53822,1.08
53829,74.165
53830,1.04
53831,1.03
53838,8.92
53890,184.345
53891,1.055
53896,1.145
53902,70.135
53911,12.435
53912,1.06
53913,9.89
53914,9.75
53915,1.0
53916,1.215
53929,1.47
53940,52.195
53941,1.075
53942,1.155
53943,41.765
53944,28.215
53950,53.19
53955,23.145
53956,1.03
53998,261.645
54003,1.015
54004,1.055
54011,8.36
54012,1.035
54013,4.43
54014,1.02
54015,26.31
54017,1.415
54018,1.07
54020,5.06
54021,45.915
54024,1.45
54025,1.01
54026,1.015
54028,12.02
54029,8.3
54030,1.04
54031,1.025
54055,120.79
54058,1.01
54059,1.07
54060,12.905
54061,1.015
54064,19.315
54066,1.02
54067,1.03
54090,18.4
54099,6.44
54100,1.025
54101,1.01
54102,3.81
54103,4.705
54110,1.11
54131,159.225
54140,1.025
54148,12.44
54157,114.345
54170,48.195
54172,1.125
54173,1.055
54174,1.03
54179,1.125
54180,1.025
54181,1.08
54182,5.28
54183,1.025
54184,1.04
54189,1.11
54190,1.05
54192,1.025
54196,43.695
54198,24.785
54206,16.35
54207,3.73
54208,16.165
54209,1.035
54212,4.835
54225,9.17
54239,50.545
54241,1.09
54243,1.0
54244,1.295
54245,14.56
54247,1.035
54258,1.7
54260,11.24
54261,1.07
54262,8.46
54288,19.145
54289,4.77
54350,207.63
54351,1.235
54352,8.065
54355,1.175
54360,47.62
54361,1.04
54364,1.36
54365,3.925
54392,5.32
54395,1.07
54399,1.155
54401,7.83
54402,8.47
54410,43.645
54411,5.76
54414,1.13
54415,5.905
54416,1.04
54423,4.97
54424,79.365
54425,1.145
54429,10.32
54430,10.56
54432,11.54
54439,32.24
54440,1.1
54441,1.045
54443,1.47
54448,8.495
54449,1.035
54450,1.0
54451,1.18
54454,1.06
54455,1.1
54458,4.445
54459,1.305
54460,1.015
54461,5.535
54477,14.19
54526,172.045
54527,1.035
54541,18.69
54542,1.095
54545,1.05
54546,1.02
54548,1.47
54549,1.07
54550,1.125
54551,6.925
54552,91.535
54555,1.47
54558,60.44
54559,8.33
54560,1.09
54574,5.475
54575,1.095
54576,11.945
54582,8.96
54583,61.9
54589,1.14
54591,10.385
54592,1.06
54599,1.06
54608,40.275
54611,1.025
54614,1.055
54629,11.85
54630,8.955
54681,372.34
54746,173.32
54750,6.21
54752,5.825
54771,264.615
54774,12.885
54795,110.865
54796,1.975
54799,4.58
54856,210.235
54859,8.26
54860,1.28
54885,102.62
54887,1.29
54901,62.26
54904,26.1
54906,1.08
54946,57.775
54947,29.09
54949,1.29
54951,1.105
54952,1.015
54965,26.51
54970,5.33
54972,26.97
54973,5.335
54975,1.015
55000,85.77
55010,27.175
55011,1.215
55035,84.07
55038,15.605
55040,35.79
55043,1.18
55045,26.76
55047,6.18
55050,2.055
55051,1.045
55052,1.005
55054,4.425
55056,1.03
55057,5.01
55058,1.075
55064,1.025
55066,128.38
55085,122.355
55087,5.665
55088,1.035
55090,1.01
55094,52.53
55095,1.065
55096,1.035
55098,1.065
55155,56.21
55167,9.03
55168,1.055
55169,9.5
55177,30.0
55179,18.17
55180,1.455
55182,4.72
55183,4.13
55195,20.55
55198,105.675
55199,1.11
55200,1.32
55206,1.035
55211,1.07
55213,1.12
55233,118.355
55245,8.02
55247,1.075
55249,1.145
55292,97.725
55298,1.095
55306,1.04
55316,1.225
55325,65.175
55328,9.995
55331,28.615
55332,1.07
55340,1.055
55343,1.085
55345,13.67
55356,103.165
55358,9.93
55369,100.04
55370,11.42
55371,16.105
55375,20.795
55378,1.05
55379,1.075
55383,1.025
55384,1.38
55404,40.765
55406,1.055
55407,1.125
55408,52.765
55409,9.105
55412,5.84
55413,1.15
55424,17.315
55425,4.685
55462,12.765
55494,218.04
55495,18.18
55497,14.745
55498,1.22
55500,110.81
55506,7.595
55507,8.115
55508,11.93
55509,3.94
55511,5.235
55515,1.195
55519,8.97
55528,10.77
55539,43.635
55540,1.04
55541,1.07
55542,4.22
55552,41.325
55554,15.585
55555,1.345
55556,1.04
55559,1.4
55560,1.03
55565,1.17
55583,81.24
55602,264.955
55603,1.045
55604,2.985
55605,7.055
55606,4.81
55607,1.05
55628,13.7
55632,12.105
55640,4.69
55643,1.01
55644,3.395
55675,9.355
55676,1.02
55678,4.555
55679,1.015
55683,1.26
55689,4.915
55690,4.905
55697,26.115
55713,8.5
55714,1.025
55715,22.5
55719,1.11
55723,1.2
55725,5.705
55728,11.96
55729,13.535
55755,48.885
55799,120.275
55805,12.66
55807,8.03
55819,59.17
55821,1.15
55822,1.055
55823,56.39
55837,402.545
55844,3.67
55849,25.32
55850,1.195
55852,21.8
55853,1.03
55854,1.04
55857,1.31
55859,1.13
55860,1.035
55864,1.06
55876,53.595
55877,1.045
55886,163.855
55888,3.96
55901,6.85
55903,1.02
55906,7.4
55913,14.425
55915,1.015
55959,10.385
55960,1.03
55961,1.02
55962,111.82
55974,5.73
55977,5.28
55978,1.03
55999,223.575
56002,1.04
56006,5.535
56010,9.76
56011,1.02
56014,1.12
56031,28.985
56038,5.325
56039,1.26
56042,18.275
56048,30.26
56051,101.56
56053,1.16
56054,23.405
56055,7.59
56058,4.605
56062,1.11
56073,4.565
56117,45.81
56119,5.35
56125,42.19
56168,16.4
56169,1.01
56170,1.005
56171,37.85
56173,5.965
56174,4.625
56179,8.855
56180,1.245
56184,80.915
56187,1.02
56194,6.45
56195,1.085
56197,7.255
56198,5.42
56202,6.24
56205,9.355
56206,1.25
56210,1.01
56214,11.855
56215,1.035
56216,1.015
56217,4.085
56221,210.34
56223,8.305
56224,1.045
56225,10.05
56230,10.565
56235,4.58
56237,20.95
56238,1.03
56241,73.14
56247,12.625
56266,72.715
56290,165.925
56292,29.83
56302,116.185
56310,15.385
56337,55.255
56361,32.95
56366,14.27
56381,43.105
56387,1.075
56389,1.05
56391,1.06
56398,116.405
56399,14.255
56402,4.23
56404,1.14
56407,13.09
56411,8.36
56412,5.575
56413,1.155
56437,31.395
56448,21.44
56494,173.105
56525,144.94
56532,1.1
56540,37.43
56558,53.21
56559,4.585
56589,84.62
56607,48.025
56608,1.3
56612,37.13
56614,26.335
56664,30.38
56669,88.065
56671,9.73
56689,7.655
56694,6.96
56695,11.485
56713,50.145
56714,7.85
56718,1.2
56722,6.655
56723,91.58
56733,3.61
56742,7.99
56746,1.365
56747,88.12
56758,36.845
56768,12.62
56769,1.055
56774,13.875
56795,7.415
56796,1.01
56799,17.63
56822,9.205
56829,70.22
56832,1.035
56835,17.59
56837,11.945
56840,1.08
56848,4.515
56849,61.605
56855,1.1
56857,6.695
56860,1.025
56861,1.04
56862,1.1
56877,27.785
56878,3.185
56879,21.045
56894,5.815
56895,44.32
56913,1.265
56914,1.03
56916,1.29
56919,37.195
56920,1.03
56925,22.43
56933,257.04
56938,68.72
56944,39.105
56945,1.05
56952,13.0
56954,10.885
56955,4.225
56956,1.23
56957,1.25
56967,1.285
56969,1.15
56970,1.035
56971,1.325
56975,9.06
56985,56.13
56992,24.2
56993,1.035
57000,27.255
57001,1.005
57006,10.08
57011,1.085
57013,1.015
57014,1.025
57015,10.165
57016,1.035
57035,19.78
57050,12.25
57091,288.805
57096,48.505
57150,242.79
57156,305.935
57158,45.045
57163,1.315
57178,1.21
57180,1.04
57181,1.22
57186,52.13
57187,1.055
57189,1.01
57190,1.02
57192,1.16
57197,1.075
57201,1.025
57202,1.25
57203,1.065
57217,69.9
57218,1.13
57219,4.175
57220,1.07
57250,108.48
57262,1.255
57263,18.245
57276,1.265
57295,25.91
57307,1.09
57331,206.38
57366,110.745
57368,7.345
57369,11.735
57372,1.075
57375,115.365
57398,6.535
57405,33.05
57406,1.24
57410,33.01
57412,1.045
57419,117.715
57421,36.86
57422,1.055
57429,30.12
57434,5.715
57446,13.255
57447,10.985
57448,1.08
57451,15.625
57459,1.445
57461,1.17
57463,1.12
57465,1.05
57467,1.035
57470,4.725
57474,1.075
57475,1.235
57477,1.05
57495,30.965
57507,1.235
57508,4.68
57511,1.205
57514,19.9
57537,9.355
57559,1.815
57560,61.82
57618,51.65
57624,34.25
57629,32.815
57630,16.875
57644,1.255
57645,15.895
57647,4.485
57649,12.77
57650,1.555
57660,78.265
57666,24.445
57668,1.285
57681,1.32
57772,51.905
57773,1.01
57776,1.075
57793,19.29
57798,56.685
57800,1.025
57801,1.045
57807,82.57
57809,64.29
57814,1.095
57819,1.205
57830,138.765
57834,6.96
57835,1.085
57861,1.125
57866,1.03
57875,5.06
57894,52.985
57901,18.885
57915,6.165
57916,5.025
57943,28.63
57944,1.115
57946,4.305
57951,1.095
57953,16.335
57961,133.31
57964,1.06
57974,4.71
57982,1.175
57984,57.495
57988,1.14
57989,1.035
57990,1.005
57991,5.245
57993,11.495
58014,192.895
58023,29.39
58040,29.485
58050,1.305
58051,1.01
58053,12.495
58059,4.855
58060,1.03
58062,101.1
58068,11.885
58069,1.015
58079,1.15
58080,1.01
58099,9.205
58109,18.55
58111,1.235
58132,16.09
58134,1.025
58136,1.255
58138,1.025
58139,1.02
58141,1.03
58143,2.875
58145,8.78
58147,8.66
58151,1.295
58152,1.055
58153,1.05
58155,13.295
58157,1.23
58159,1.085
58160,1.15
58161,1.02
58162,1.025
58163,1.105
58164,1.045
58166,1.035
58169,1.095
58170,1.38
58172,44.16
58182,112.95
58183,1.715
58184,1.195
58187,13.235
58189,1.05
58190,42.885
58191,101.56
58198,4.035
58199,1.185
58200,1.065
58201,1.765
58203,5.315
58204,1.045
58216,96.155
58217,74.39
58233,20.91
58243,151.595
58245,34.05
58246,8.875
58254,239.86
58278,413.585
58341,118.51
58364,57.1
58365,33.965
58366,1.2
58381,22.16
58382,1.05
58385,1.14
58389,1.065
58390,1.16
58395,35.69
58397,68.805
58401,119.975
58403,1.08
58411,140.93
58413,16.41
58419,1.25
58435,23.825
58436,1.05
58455,27.68
58458,1.185
58484,95.915
58486,108.545
58488,1.26
58490,1.065
58491,1.01
58494,52.255
58498,1.2
58532,16.67
58594,83.055
58601,1.105
58605,7.31
58633,14.125
58635,11.015
58645,31.96
58646,1.155
58647,1.08
58648,1.0
58649,1.445
58650,1.49
58651,4.455
58653,1.73
58654,1.01
58655,1.23
58656,2.9
58666,20.925
58667,27.575
58682,20.385
58700,63.245
58703,9.135
58706,8.705
58707,1.43
58712,68.84
58719,1.335
58725,1.06
58726,9.88
58749,268.535
58750,17.225
58751,80.89
58752,1.01
58764,72.595
58765,1.2
58766,1.01
58768,20.135
58773,1.035
58776,15.245
58787,20.775
58831,8.28
58838,70.325
58844,90.015
58850,108.28
58857,1.135
58865,44.055
58872,10.955
58873,1.055
58875,5.325
58877,1.15
58879,1.065
58887,5.925
58919,33.415
58920,3.87
58924,18.34
58926,130.985
58930,6.465
58931,14.05
58934,16.37
58935,71.225
58950,46.155
58955,11.735
58973,74.24
58974,1.415
58975,1.03
58980,13.725
58984,10.6
58985,6.31
59019,31.175
59032,12.945
59040,140.995
59041,1.005
59046,42.105
59052,5.17
59053,18.125
59058,16.19
59069,170.19
59080,30.5
59081,9.52
59092,58.68
59094,17.39
59097,80.98
59103,15.275
59104,1.095
59111,9.24
59112,1.015
59117,4.75
59151,192.42
59157,34.155
59166,11.32
59167,38.205
59168,1.61
59173,21.36
59176,126.095
59177,1.075
59180,11.115
59182,1.02
59183,1.125
59186,1.02
59189,28.305
59195,68.92
59196,1.03
59200,73.055
59214,1.13
59216,20.405
59217,1.3
59220,2.99
59223,1.245
59224,1.015
59237,1.61
59276,87.64
59277,5.095
59278,18.55
59292,270.595
59295,17.36
59298,1.27
59326,46.945
59334,32.36
59345,1.185
59348,45.735
59362,68.635
59367,1.13
59371,1.08
59376,8.625
59377,1.045
59379,5.375
59380,1.14
59381,1.01
59398,11.775
59432,135.36
59433,5.075
59444,4.19
59446,1.065
59448,13.875
59459,20.515
59461,1.02
59465,75.645
59467,1.055
59468,11.135
59489,74.03
59491,1.13
59498,1.085
59501,189.515
59503,4.865
59504,6.805
59505,1.24
59506,7.18
59507,1.02
59508,1.035
59510,6.05
59517,101.815
59518,1.065
59519,8.27
59528,39.39
59530,4.675
59532,12.155
59535,5.645
59537,31.49
59538,1.025
59545,43.24
59547,23.455
59548,3.965
59549,1.015
59550,1.035
59551,1.09
59553,1.045
59554,35.935
59555,1.075
59556,1.005
59562,1.145
59569,1.165
59570,1.005
59578,17.915
59579,1.08
59587,10.005
59589,1.11
59594,1.095
59595,34.975
59596,4.475
59605,5.505
59624,1.235
59625,1.01
59626,2.01
59627,4.425
59628,1.025
59647,51.495
59666,1.1
59667,1.0
59672,1.115
59674,1.05
59677,9.475
59681,7.905
59688,1.18
59689,1.09
59693,11.34
59695,1.12
59697,1.02
59699,1.015
59700,1.02
59716,14.1
59717,1.11
59719,61.405
59720,62.52
59733,260.325
59743,1.08
59747,1.445
59749,43.96
59753,15.795
59755,1.035
59760,1.13
59767,5.615
59793,132.79
59795,5.735
59801,119.695
59802,1.0
59806,1.665
59807,1.8
59810,1.01
59812,1.13
59821,44.465
59822,4.3
59827,51.8
59830,125.565
59833,37.465
59843,189.525
59850,27.085
59851,11.055
59861,266.86
59863,1.075
59864,5.22
59881,175.105
59889,1.245
59915,164.17
59925,1.53
59946,6.18
59980,1.505
59984,1.025
59998,93.84
60010,225.005
60043,44.795
60056,72.13
60059,1.025
60075,76.63
60076,5.14
60077,6.395
60078,1.07
60088,150.08
60102,62.57
60104,1.1
60107,1.015
60108,1.27
60115,29.06
60116,12.585
60117,84.115
60157,31.395
60164,17.595
60174,60.555
60187,38.61
60198,74.455
60211,236.875
60212,1.09
60215,1.045
60219,4.675
60220,1.23
60224,5.895
60232,25.06
60234,18.69
60251,29.18
60271,1.49
60274,3.9
60276,1.105
60279,8.845
60285,27.435
60288,292.735
60308,386.755
60309,4.96
60310,7.46
60312,1.09
60313,1.015
60314,1.275
60329,59.965
60332,1.045
60337,1.015
60341,1.03
60376,2.03
60388,49.02
60389,11.07
60390,117.965
60422,74.87
60423,15.995
60424,1.05
60425,28.54
60426,1.055
60427,8.19
60471,245.275
60472,1.725
60473,1.015
60476,1.04
60479,4.485
60491,12.175
60495,16.68
60499,24.345
60501,1.13
60520,5.14
60525,1.805
60559,39.375
60560,1.005
60569,37.965
60575,40.62
60576,196.36
60579,111.24
60580,1.815
60581,1.025
60598,8.675
60600,1.07
60601,1.08
60603,12.805
60605,4.995
60611,1.555
60612,4.83
60618,19.76
60637,40.67
60640,1.115
60642,55.95
60650,12.42
60651,1.16
60673,1.065
60674,1.045
60675,1.08
60676,1.065
60677,4.295
60678,1.085
60690,1.16
60691,1.27
60692,1.24
60694,1.47
60695,4.84
60696,1.27
60697,4.165
60699,60.365
60701,1.28
60702,1.025
60708,15.205
60712,31.905
60714,9.875
60716,8.94
60717,1.05
60723,33.625
60750,58.14
60754,5.215
60755,1.035
60756,5.75
60760,194.985
60761,1.025
60766,47.69
60790,5.195
60802,3.455
60805,4.635
60808,1.15
60809,1.035
60810,1.02
60812,118.48
60813,6.05
60814,1.21
60815,1.005
60817,5.04
60818,1.07
60819,1.205
60820,1.13
60824,1.02
60957,318.075
60958,19.985
60962,1.32
60963,1.065
60975,416.84
60978,15.995
60979,1.005
60980,1.64
61009,9.925
61077,93.165
61078,1.02
61080,5.96
61115,50.82
61116,1.08
61117,1.005
61119,49.28
61157,292.97
61175,221.42
61176,24.155
61180,8.555
61193,12.405
61195,72.36
61196,10.305
61290,203.41
61294,16.835
61308,47.895
61311,5.54
61312,1.025
61315,1.095
61326,44.64
61340,44.39
61342,6.26
61343,4.285
61345,10.445
61358,21.415
61359,1.025
61375,18.045
61381,22.59
61384,1.035
61393,177.495
61394,1.075
61395,7.92
61429,27.025
61430,1.07
61431,4.395
61434,1.13
61435,1.04
61438,56.04
61439,1.01
61440,8.695
61449,15.545
61452,11.685
61461,230.855
61462,31.765
61472,5.38
61476,8.325
61479,37.76
61482,1.115
61493,7.85
61494,21.49
61497,4.875
61498,1.05
61502,8.245
61503,1.22
61505,24.74
61571,65.82
61574,1.145
61580,9.66
61581,1.01
61582,1.015
61583,1.06
61584,1.04
61585,1.855
61590,1.325
61593,36.225
61597,1.09
61620,65.66
61624,15.395
61628,1.12
61629,6.61
61632,1.34
61651,88.88
61659,13.345
61663,16.145
61664,5.58
61667,1.09
61669,8.335
61686,138.245
61700,48.775
61701,8.91
61703,28.79
61744,27.88
61750,1.25
61786,14.05
61789,28.385
61790,4.025
61792,1.045
61795,1.205
61802,9.325
61803,7.57
61805,9.725
61806,9.475
61807,1.69
61811,11.45
61812,21.52
61814,39.825
61827,63.825
61829,5.05
61846,8.885
61856,1.155
61859,1.17
61861,1.18
61862,1.055
61872,1.175
61892,14.42
61893,1.04
61894,5.41
61896,12.51
61897,1.045
61898,1.255
61929,45.565
61974,7.98
62002,27.415
62004,14.96
62011,1.165
62013,2.925
62016,1.05
62017,1.17
62018,2.31
62019,1.43
62020,4.695
62040,1.185
62045,123.675
62046,1.105
62049,5.075
62058,145.76
62059,8.715
62063,32.83
62065,1.035
62067,1.215
62073,1.405
62076,1.025
62077,1.065
62078,1.095
62084,225.15
62097,20.0
62098,16.095
62102,4.075
62104,1.01
62116,28.555
62117,1.08
62119,1.135
62130,131.505
62179,47.905
62181,1.14
62185,1.065
62198,4.67
62199,8.335
62200,1.09
62201,4.155
62202,14.34
62210,1.105
62219,93.37
62220,1.055
62221,1.68
62225,4.83
62226,1.12
62227,1.035
62238,1.14
62242,1.045
62257,57.875
62262,1.015
62282,54.165
62283,1.01
62295,4.125
62296,1.135
62297,1.045
62298,1.115
62299,1.115
62300,1.01
62303,1.02
62305,1.02
62311,18.29
62346,124.27
62348,6.72
62349,1.035
62358,45.47
62359,8.93
62362,1.05
62398,63.205
62404,32.4
62405,1.045
62406,19.55
62418,1.345
62419,1.025
62420,1.005
62425,1.14
62426,5.03
62430,16.86
62431,1.14
62446,37.345
62450,5.18
62454,1.16
62459,103.235
62470,165.81
62471,1.17
62480,20.145
62481,1.055
62482,11.37
62483,4.115
62485,11.465
62486,1.18
62496,131.995
62501,123.595
62515,163.485
62539,109.725
62540,1.09
62558,42.035
62560,6.105
62561,1.015
62562,1.12
62564,18.195
62568,1.11
62569,1.01
62572,14.99
62573,1.025
62586,8.515
62588,1.03
62589,1.13
62590,1.04
62595,7.36
62596,144.645
62599,1.01
62604,340.105
62605,77.38
62610,1.245
62637,24.415
62638,1.755
62639,4.415
62642,1.055
62650,61.47
62652,1.25
62653,1.005
62659,106.165
62660,1.095
62679,33.37
62680,1.49
62683,1.11
62695,38.995
62698,1.175
62700,1.51
62702,1.075
62704,5.61
62705,1.325
62706,1.32
62707,1.215
62708,15.04
62709,5.41
62710,5.06
62711,1.46
62715,1.025
62716,1.035
62821,565.28
62825,4.17
62832,16.035
62834,1.41
62842,100.925
62843,1.24
62844,8.825
62845,1.01
62846,1.015
62849,1.02
62850,1.15
62853,1.005
62854,18.59
62855,198.655
62858,1.23
62859,136.125
62864,24.925
62873,18.825
62878,1.015
62940,69.125
62941,5.845
62942,1.025
62946,8.915
62948,4.545
62949,3.71
62959,4.565
62967,24.585
62968,1.045
63005,63.015
63013,12.95
63015,1.085
63019,1.51
63022,2.72
63056,165.36
63057,1.0
63069,75.635
63071,5.465
63072,1.57
63073,11.205
63076,2.185
63105,51.18
63109,19.16
63113,1.05
63115,12.08
63116,1.055
63117,1.0
63119,1.005
63121,1.09
63123,1.055
63140,11.75
63141,1.015
63142,1.45
63158,41.295
63170,42.0
63171,1.775
63172,4.925
63173,1.0
63174,1.025
63176,1.13
63177,54.145
63179,1.125
63225,5.03
63236,35.705
63238,13.245
63240,1.53
63243,1.03
63244,1.055
63284,13.83
63287,1.095
63299,207.405
63300,1.025
63303,1.1
63304,15.53
63306,1.07
63309,1.635
63310,1.09
63311,5.2
63312,1.065
63313,1.105
63314,9.285
63315,1.06
63346,281.855
63352,13.045
63356,18.705
63357,1.035
63359,1.025
63366,8.175
63372,28.815
63375,1.095
63398,72.445
63399,14.655
63401,20.845
63422,66.575
63428,1.06
63430,4.56
63431,1.055
63437,20.495
63438,5.34
63439,1.015
63470,181.205
63474,56.61
63476,281.745
63479,15.525
63484,9.105
63485,1.05
63487,1.005
63488,1.06
63500,49.445
63505,31.15
63552,247.965
63553,1.02
63559,31.47
63570,98.63
63573,1.1
63578,16.035
63580,1.07
63616,1.37
63618,1.17
63621,1.05
63625,9.55
63626,1.095
63627,1.075
63628,1.025
63629,1.045
63640,13.93
63646,7.89
63663,121.515
63665,29.67
63669,5.035
63671,1.175
63672,1.02
63673,1.025
63674,1.015
63675,1.04
63676,1.005
63677,1.03
63707,22.73
63709,163.85
63711,1.135
63712,1.045
63713,1.04
63715,5.245
63717,4.025
63719,1.12
63720,1.065
63769,40.99
63773,1.02
63793,209.44
63794,5.39
63796,8.265
63803,20.955
63804,1.215
63813,18.54
63814,3.495
63822,23.48
63827,9.285
63830,1.07
63831,1.045
63836,8.775
63840,1.14
63842,1.055
63858,66.99
63859,1.14
63860,1.025
63861,1.015
63864,36.27
63868,150.725
63869,1.065
63870,1.035
63871,1.625
63873,1.125
63875,1.11
63877,4.925
63878,1.065
63882,18.22
63883,1.055
63885,5.96
63924,58.505
63926,1.085
63946,200.51
63948,14.65
63950,1.52
63951,1.03
63964,17.605
63965,1.055
63968,10.575
63969,2.39
63970,1.05
63971,1.115
64054,471.025
64062,24.62
64063,48.53
64067,9.6
64068,13.185
64079,1.21
64081,19.865
64082,1.195
64086,1.16
64087,21.785
64089,8.815
64124,79.125
64127,1.085
64129,1.04
64132,18.45
64136,9.175
64147,50.705
64153,1.815
64156,1.07
64157,1.105
64158,11.14
64159,1.15
64161,1.045
64173,55.445
64176,43.305
64186,8.535
64190,12.8
64191,1.13
64192,16.06
64214,38.155
64231,67.97
64235,8.935
64245,11.59
64253,30.84
64261,3.895
64267,1.175
64269,1.015
64276,1.17
64277,25.315
64278,1.07
64279,87.17
64282,1.11
64292,55.94
64293,75.25
64294,1.11
64295,1.0
64296,26.715
64304,27.145
64317,86.265
64335,1.215
64336,16.085
64338,1.08
64340,1.095
64341,1.02
64345,4.935
64348,12.09
64353,8.955
64357,165.325
64364,4.87
64366,1.14
64367,17.47
64374,120.175
64391,44.195
64393,1.135
64401,15.455
64403,22.02
64405,5.355
64411,110.34
64414,4.86
64417,1.07
64447,1.205
64456,83.12
64457,16.6
64460,44.025
64470,11.49
64480,1.055
64481,1.115
64482,1.025
64483,13.885
64568,292.2
64569,1.06
64570,1.03
64572,1.11
64574,1.035
64576,1.32
64583,1.16
64591,1.17
64592,6.085
64601,27.615
64619,1.32
64627,10.055
64629,1.01
64630,14.825
64631,17.495
64632,3.85
64633,1.065
64636,1.05
64646,1.115
64648,1.11
64649,1.245
64650,1.04
64652,1.015
64654,1.06
64665,25.87
64666,34.2
64667,4.545
64668,5.095
64669,5.79
64676,3.605
64677,1.57
64678,7.61
64679,1.845
64680,16.465
64681,17.335
64685,1.1
64688,25.97
64691,1.21
64694,10.07
64740,1.34
64741,1.03
64743,1.06
64747,9.67
64749,1.035
64753,29.49
64754,7.22
64766,61.485
64779,33.315
64780,1.145
64784,45.295
64789,55.695
64790,1.035
64791,1.695
64793,13.9
64794,1.11
64796,4.775
64834,50.46
64835,4.83
64836,1.08
64837,1.035
64838,1.7
64852,25.67
64856,8.375
64857,21.24
64859,35.76
64860,1.065
64865,1.19
64909,185.695
64925,5.2
64940,10.5
64944,1.07
64945,93.495
64946,39.48
64967,88.495
64973,9.685
64974,11.715
64975,5.04
64984,16.865
64985,32.425
64995,18.575
65012,10.255
65018,1.16
65022,1.025
65114,204.135
65116,1.255
65117,1.005
65118,29.635
65120,4.8
65160,7.195
65164,43.805
65170,4.435
65171,1.215
65172,1.05
65178,1.1
65191,22.23
65192,27.315
65197,5.33
65201,9.42
65202,1.02
65203,6.275
65213,5.47
65239,44.865
65248,1.105
65251,1.06
65252,1.035
65253,1.04
65254,1.065
65255,2.975
65257,1.085
65260,1.015
65262,1.065
65263,1.375
65264,1.25
65266,1.255
65267,1.115
65276,15.855
65277,61.13
65337,347.91
65369,51.66
65388,222.705
65392,4.985
65408,1.305
65449,23.66
65450,1.02
65454,1.29
65461,25.505
65462,1.06
65467,31.465
65484,49.035
65485,1.08
65492,17.975
65493,5.36
65495,1.07
65497,24.055
65498,20.66
65499,1.335
65500,1.27
65507,17.285
65511,5.125
65517,6.085
65519,1.03
65520,10.95
65522,5.73
65523,75.37
65532,7.85
65534,1.16
65540,1.16
65541,1.185
65546,4.675
65564,5.8
65566,43.865
65567,17.55
65568,1.085
65569,1.3
65570,1.045
65571,8.19
65595,44.455
65597,1.04
65599,12.415
65610,35.055
65613,1.67
65620,16.225
65627,5.735
65628,1.0
65629,1.61
65637,17.17
65638,8.745
65642,160.49
65643,5.34
65657,5.025
65676,27.775
65713,42.87
65718,9.415
65719,11.12
65723,11.81
65724,1.04
65751,36.93
65753,15.695
65763,24.555
65794,4.905
65795,4.775
65796,1.09
65798,1.14
65799,24.225
65800,4.81
65801,106.405
65814,8.62
65817,1.405
65818,1.14
65822,190.215
65829,18.63
65838,1.21
65841,1.125
65889,107.785
65895,10.41
65927,130.47
65928,1.035
65937,82.63
65938,1.585
65939,1.395
65947,5.355
65949,44.69
65977,32.115
65978,1.1
65980,5.3
65982,29.745
65983,9.69
65984,22.56
65985,1.255
65986,1.11
65989,47.37
66006,134.785
66010,14.235
66018,117.245
66022,5.75
66023,1.145
66033,1.13
66036,78.61
66037,1.03
66039,1.005
66040,1.155
66058,126.545
66059,1.03
66061,1.01
66075,1.235
66079,1.09
66082,13.81
66086,1.13
66098,1.545
66100,12.06
66157,44.505
66158,5.54
66159,1.01
66160,9.57
66200,39.94
66205,54.46
66222,13.41
66232,32.83
66233,1.02
66234,60.795
66241,1.055
66245,1.145
66256,28.22
66267,16.73
66274,1.3
66300,13.105
66301,1.095
66309,1.24
66310,1.805
66311,1.925
66336,92.935
66350,5.79
66351,1.01
66356,1.39
66367,170.43
66368,99.215
66369,19.325
66396,165.16
66401,58.25
66413,15.965
66426,19.815
66428,4.675
66430,46.605
66438,11.21
66439,1.045
66448,1.095
66451,1.615
66454,1.145
66456,15.21
66459,9.785
66461,9.605
66464,9.065
66465,11.26
66469,5.905
66502,136.26
66511,30.21
66513,1.055
66514,172.415
66515,1.1
66518,14.005
66522,130.755
66525,84.485
66526,25.855
66527,45.99
66535,115.925
66538,9.14
66539,4.555
66544,23.04
66553,133.225
66555,1.035
66556,1.005
66557,1.005
66602,1.57
66605,1.05
66607,6.375
66608,4.645
66632,31.635
66633,1.04
66634,1.715
66636,27.325
66637,3.78
66638,27.92
66682,110.49
66683,12.99
66685,54.69
66686,1.0
66690,4.27
66698,39.945
66707,20.93
66708,8.335
66709,1.075
66711,6.31
66724,11.575
66725,9.375
66726,1.08
66727,1.085
66728,42.915
66730,6.37
66733,14.59
66734,1.125
66740,206.665
66741,20.025
66750,1.83
66756,5.075
66757,1.05
66760,1.08
66761,1.02
66766,4.47
66767,23.695
66768,55.095
66769,18.37
66770,1.075
66771,1.055
66791,72.085
66803,16.3
66826,37.59
66840,289.145
66875,23.295
66880,13.12
66882,4.805
66883,12.355
66946,56.655
66947,1.34
66995,184.39
66996,1.06
67032,68.1
67034,4.72
67060,30.52
67064,8.705
67068,5.66
67090,67.48
67108,40.165
67109,7.8
67122,53.06
67123,1.18
67126,1.22
67127,1.075
67134,4.585
67135,1.07
67137,1.055
67139,1.325
67141,1.08
67143,1.03
67147,17.025
67148,1.075
67157,17.05
67158,1.125
67163,1.25
67180,91.525
67189,23.995
67223,107.28
67225,13.7
67240,96.355
67242,1.125
67244,1.385
67299,322.105
67303,68.445
67336,126.32
67337,4.955
67344,1.25
67348,1.26
67350,7.375
67351,1.085
67357,99.175
67359,8.815
67360,1.025
67374,332.065
67410,380.055
67411,1.06
67412,5.795
67414,1.035
67449,247.03
67456,14.585
67457,1.04
67463,1.08
67471,43.81
67480,13.56
67482,13.41
67494,28.035
67498,1.055
67528,38.04
67548,6.045
67551,1.165
67552,9.435
67553,1.055
67554,1.045
67580,106.595
67585,8.43
67587,1.27
67588,1.27
67618,94.45
67620,1.085
67625,38.07
67637,1.095
67643,1.19
67650,1.08
67661,34.12
67662,1.025
67664,5.07
67670,84.48
67671,1.135
67687,10.85
67692,4.605
67716,345.26
67717,4.51
67719,1.02
67720,1.02
67723,1.295
67728,1.23
67729,5.045
67730,1.115
67731,17.385
67742,69.2
67744,22.205
67746,1.02
67747,21.22
67752,1.49
67754,4.875
67755,68.74
67756,1.03
67759,1.3
67774,42.185
67775,1.085
67776,5.1
67778,32.97
67779,1.065
67788,4.96
67791,1.135
67827,13.31
67846,1.425
67848,1.04
67850,1.22
67855,44.12
67862,52.495
67864,1.12
67890,209.635
67891,85.28
67893,36.275
67894,1.015
67896,5.265
67899,89.27
67900,1.035
67901,45.765
67903,11.83
67911,1.125
67917,1.07
67918,1.06
67920,1.12
67921,5.49
67925,1.095
67926,1.02
67927,12.25
67928,5.6
67929,1.015
67930,12.64
67932,51.385
67938,1.2
67955,62.93
67959,29.085
67960,1.055
67961,1.3
67985,4.775
67988,17.495
67992,1.19
68018,461.975
68019,4.66
68020,16.11
68025,112.22
68044,1.25
68050,1.145
68051,1.175
68077,20.725
68078,12.43
68081,4.16
68082,1.03
68086,1.035
68087,51.35
68148,302.44
68156,12.545
68162,5.81
68213,47.195
68233,114.24
68239,69.34
68242,9.55
68246,4.45
68247,1.11
68252,13.685
68255,11.125
68261,5.155
68267,1.04
68284,17.955
68291,29.45
68292,4.415
68320,6.26
68322,4.76
68327,155.575
68329,1.125
68339,5.51
68363,244.17
68375,12.805
68381,42.375
68398,11.38
68409,1.205
68434,82.295
68444,9.12
68445,1.095
68446,5.115
68448,10.15
68451,5.19
68452,9.715
68454,5.645
68455,1.01
68460,1.095
68469,64.55
68470,4.945
68471,1.025
68472,1.015
68473,1.155
68481,57.135
68577,41.235
68603,374.24
68629,4.775
68630,5.3
68639,26.09
68673,172.035
68674,1.015
68692,87.11
68693,1.065
68695,1.225
68696,1.135
68697,4.545
68722,9.01
68724,13.345
68725,16.645
68728,9.25
68729,35.575
68735,5.595
68736,1.085
68737,1.05
68739,4.505
68748,6.985
68749,1.03
68750,1.025
68752,12.52
68758,1.08
68796,55.445
68797,1.07
68799,1.045
68806,9.505
68808,1.25
68809,1.04
68830,1.255
68834,1.2
68835,1.08
68842,10.63
68854,7.625
68855,6.92
68877,48.62
68880,1.05
68921,127.3
68923,5.195
68930,10.7
68931,1.005
68941,28.195
68950,44.495
68952,80.29
68956,5.71
68969,1.155
69028,6.07
69034,1.105
69036,1.075
69037,5.97
69040,1.08
69046,8.525
69047,1.225
69051,55.18
69052,1.03
69057,1.205
69058,1.255
69066,1.025
69076,20.245
69077,1.005
69078,37.65
69090,224.635
69094,26.995
69097,1.075
69109,9.06
69110,125.535
69111,1.03
69142,39.985
69143,1.005
69144,9.465
69169,36.565
69184,5.57
69187,8.69
69188,4.18
69190,6.01
69191,1.045
69195,1.665
69200,4.965
69202,4.87
69204,1.045
69226,99.195
69227,8.27
69228,1.89
69235,1.045
69236,1.015
69238,1.095
69242,1.18
69245,31.915
69246,1.04
69250,245.245
69252,18.77
69258,9.14
69274,23.76
69275,1.025
69303,4.925
69308,1.025
69318,114.17
69321,4.685
69322,4.87
69327,4.965
69342,83.495
69344,1.095
69356,1.24
69362,39.34
69365,1.05
69366,1.055
69372,6.615
69375,5.975
69376,1.195
69377,6.355
69394,1.26
69399,16.835
69400,27.29
69403,8.395
69404,1.605
69407,11.73
69410,46.39
69411,1.015
69412,1.035
69413,1.03
69420,27.35
69423,37.43
69424,1.055
69428,1.08
69433,1.16
69439,5.305
69446,33.97
69448,1.08
69451,1.11
69455,4.795
69459,1.055
69471,4.835
69493,156.62
69499,1.075
69500,1.005
69511,22.455
69512,1.005
69515,4.5
69519,1.17
69520,67.045
69525,1.14
69526,1.09
69527,1.155
69582,267.86
69591,1.26
69593,1.02
69594,1.055
69595,1.045
69596,1.46
69601,113.11
69604,5.76
69607,4.805
69609,3.83
69610,8.895
69614,28.08
69622,4.965
69643,66.575
69648,49.105
69649,13.38
69661,13.71
69676,32.72
69680,1.03
69681,5.14
69697,27.485
69702,1.45
69703,44.34
69704,19.32
69705,1.015
69710,1.055
69712,5.53
69718,31.875
69719,1.065
69722,1.015
69726,9.54
69839,102.975
69841,9.755
69842,1.06
69844,11.115
69861,13.945
69863,9.525
69864,15.53
69869,112.01
69871,1.18
69877,1.145
69879,24.835
69883,24.94
69885,1.035
69887,4.05
69901,22.935
69902,3.48
69903,1.125
69904,1.09
69921,11.995
69935,8.045
69937,1.045
69947,7.275
69958,7.74
69960,1.05
69961,1.16
69965,1.295
69969,19.4
69970,36.5
69973,1.055
69977,219.075
69980,1.045
70002,53.395
70025,58.54
70027,1.085
70029,1.115
70035,58.455
70041,46.595
70060,33.73
70074,96.4
70075,12.365
70099,176.635
70100,1.15
70107,14.59
70109,9.025
70112,4.615
70130,193.02
70142,1.445
70143,1.035
70144,4.445
70146,1.06
70148,1.0
70149,4.01
70151,1.075
70163,10.495
70193,5.39
70201,26.71
70202,1.01
70216,26.13
70225,35.79
70226,6.125
70227,1.15
70228,1.06
70231,5.575
70235,29.1
70236,1.005
70241,31.575
70246,1.15
70275,21.75
70276,1.05
70278,1.035
70282,5.475
70284,4.275
70290,11.96
70291,1.05
70293,5.54
70294,1.05
70307,94.11
70335,1.51
70336,1.305
70337,1.015
70338,4.665
70339,221.275
70366,204.475
70367,1.055
70368,1.01
70393,4.605
70413,108.57
70417,9.12
70424,51.9
70453,12.675
70456,22.54
70457,1.07
70458,1.055
70459,1.01
70460,5.26
70470,40.455
70478,13.61
70479,1.01
70480,1.04
70484,10.455
70485,4.74
70487,3.94
70488,1.06
70491,1.065
70510,37.35
70524,19.105
70562,1.18
70570,8.385
70581,9.0
70583,5.415
70584,1.04
70589,9.155
70618,184.47
70637,38.33
70638,5.255
70639,1.12
70640,1.38
70652,5.93
70665,75.57
70666,3.98
70669,8.185
70686,141.295
70687,9.83
70713,32.595
70714,1.05
70718,1.11
70729,37.0
70730,9.365
70733,9.855
70743,1.28
70748,5.21
70751,13.005
70752,1.01
70753,1.025
70758,1.06
70759,1.095
70760,7.57
70762,1.125
70770,12.33
70776,14.575
70781,97.29
70783,1.115
70784,8.985
70794,22.83
70799,16.7
70800,9.745
70802,1.105
70804,1.12
70823,1.4
70824,1.065
70825,1.055
70826,1.035
70829,1.18
70830,4.94
70854,177.62
70855,20.825
70856,4.335
70866,1.175
70898,105.74
70901,1.035
70902,43.585
70916,211.165
70918,4.94
70950,135.8
70951,1.015
70970,19.585
70972,17.49
70975,1.005
70981,1.145
70983,4.45
71007,122.075
71009,29.04
71040,249.155
71055,8.11
71064,1.265
71071,1.05
71072,35.475
71074,1.245
71075,1.04
71077,15.715
71084,9.16
71086,1.33
71087,5.035
71118,106.995
71127,3.9
71128,1.125
71129,5.425
71134,22.02
71135,1.03
71138,1.25
71157,12.08
71159,1.02
71163,42.05
71164,16.125
71218,93.715
71223,1.26
71224,1.03
71225,1.04
71226,1.02
71240,12.28
71244,6.995
71245,1.67
71246,8.055
71296,5.595
71297,5.27
71299,1.01
71301,1.025
71302,1.345
71323,11.97
71329,45.77
71330,1.03
71366,114.225
71371,1.06
71379,41.995
71388,5.625
71389,5.205
71390,1.075
71393,1.07
71438,5.45
71440,5.93
71441,1.655
71442,1.01
71466,232.515
71482,71.83
71484,77.525
71494,182.36
71496,20.61
71507,188.27
71541,142.115
71543,1.52
71545,1.175
71547,25.635
71548,1.075
71552,1.205
71553,22.925
71554,1.01
71558,1.05
71566,12.945
71574,10.035
71576,1.06
71583,1.115
71602,100.765
71610,1.15
71618,4.195
71619,1.06
71624,1.035
71627,1.08
71633,34.43
71637,1.045
71650,24.645
71671,5.245
71674,1.62
71677,5.555
71681,1.045
71689,38.485
71703,48.64
71711,52.76
71712,1.045
71717,45.005
71718,12.275
71719,75.265
71722,1.28
71723,6.67
71724,1.065
71725,1.01
71726,1.1
71727,1.24
71728,1.17
71729,1.02
71733,1.13
71738,12.1
71745,141.0
71754,1.08
71762,7.635
71766,59.51
71776,35.925
71801,167.86
71854,113.385
71856,32.96
71861,1.075
71874,60.53
71877,1.35
71947,131.15
71948,1.055
71982,158.755
71986,13.63
71989,29.925
71990,1.05
72004,117.865
72046,113.35
72047,1.02
72048,5.83
72049,1.1
72052,1.17
72074,9.695
72079,1.135
72081,1.0
72114,60.03
72116,71.845
72131,60.065
72150,12.53
72153,10.62
72154,60.825
72157,1.08
72161,35.595
72166,154.87
72168,59.56
72170,1.29
72171,1.05
72173,6.35
72194,90.45
72201,96.35
72216,354.56
72231,20.475
72233,80.655
72235,5.585
72236,11.865
72239,5.16
72246,1.09
72251,1.02
72255,1.1
72258,1.065
72274,78.935
72275,1.065
72278,8.45
72284,49.69
72291,166.49
72292,1.105
72298,20.625
72309,63.895
72311,11.34
72315,252.135
72370,14.24
72380,161.92
72391,19.835
72402,1.295
72405,1.01
72406,4.715
72408,5.925
72415,17.43
72416,1.045
72417,5.58
72420,1.035
72422,4.87
72423,25.605
72425,12.405
72434,19.555
72438,26.535
72439,32.405
72441,1.12
72444,1.05
72464,25.815
72466,40.85
72468,1.03
72490,121.02
72491,8.09
72493,37.045
72494,1.045
72495,9.875
72498,20.09
72511,23.095
72512,13.275
72555,177.57
72556,1.22
72562,38.775
72565,4.07
72566,1.0
72570,1.28
72578,1.25
72579,1.095
72580,12.14
72584,40.035
72603,29.99
72604,5.275
72605,1.02
72606,1.01
72607,1.115
72610,1.145
72616,1.08
72617,1.115
72624,5.74
72628,4.88
72629,1.015
72634,7.39
72636,13.405
72637,4.175
72640,9.325
72642,1.35
72647,36.48
72650,41.27
72658,155.305
72699,6.185
72703,8.485
72738,128.195
72744,1.415
72747,1.09
72750,1.22
72770,175.29
72772,111.33
72774,1.09
72783,1.225
72786,1.32
72787,25.415
72789,7.515
72795,1.305
72796,1.025
72803,1.035
72804,1.22
72811,96.9
72812,10.695
72813,1.04
72815,1.285
72816,1.48
72818,1.105
72819,1.07
72829,11.04
72857,37.585
72865,1.115
72872,41.8
72873,1.005
72876,13.68
72879,1.065
72889,155.74
72941,241.46
72949,1.04
72951,134.46
72959,169.91
72960,235.12
72972,27.54
72975,51.98
72983,70.53
72984,13.58
72987,45.285
73000,77.56
73004,35.31
73006,6.4
73007,10.875
73008,1.035
73011,1.13
73033,23.53
73034,190.43
73036,6.94
73039,1.105
73044,2.355
73053,109.535
73064,4.83
73074,26.135
73081,16.675
73082,1.03
73083,1.01
73085,1.065
73086,1.045
73123,52.535
73132,10.925
73133,1.22
73134,5.655
73135,1.15
73140,4.065
73143,122.05
73205,82.16
73207,7.665
73209,9.035
73216,46.5
73218,20.255
73220,7.035
73223,5.0
73237,43.795
73238,27.155
73242,19.5
73246,22.4
73248,1.02
73250,3.58
73252,1.03
73253,19.64
73271,6.395
73273,1.045
73275,26.78
73280,1.545
73286,1.03
73288,1.16
73298,1.075
73299,1.215
73304,1.175
73308,8.045
73309,1.03
73315,15.385
73319,4.885
73340,133.565
73343,1.055
73345,55.485
73349,47.695
73350,1.065
73393,64.21
73416,1.02
73420,10.235
73421,5.96
73438,70.225
73439,14.645
73440,1.185
73441,4.375
73449,8.9
73452,1.06
73454,1.02
73460,1.135
73462,62.85
73474,20.605
73479,48.34
73489,49.505
73490,1.005
73491,4.96
73492,7.45
73495,1.26
73496,8.295
73497,57.88
73499,1.11
73543,130.64
73544,1.07
73553,15.565
73556,1.045
73589,362.12
73603,15.575
73610,55.66
73617,77.04
73618,1.13
73624,21.2
73625,22.955
73626,73.105
73703,399.005
73714,37.4
73742,57.495
73744,5.125
73747,4.465
73750,1.035
73754,1.41
73755,9.885
73758,5.35
73759,1.915
73762,11.165
73765,18.275
73766,1.105
73767,1.045
73780,18.66
73784,17.12
73785,1.02
73795,5.635
73797,1.055
73806,41.83
73842,166.59
73865,85.0
73900,23.39
73901,1.01
73904,1.045
73905,1.025
73906,1.055
73910,31.41
73914,8.345
73917,25.61
73941,64.75
73956,1.67
73962,1.07
73966,1.425
73970,28.75
74008,72.485
74016,69.285
74023,5.53
74024,1.04
74027,4.01
74054,247.27
74059,73.715
74060,1.195
74064,44.685
74065,1.04
74066,3.82
74080,4.2
74081,1.01
74082,1.04
74084,3.66
74095,16.005
74096,5.0
74113,17.685
74114,1.115
74117,11.935
74130,5.14
74131,1.235
74133,9.355
74134,5.61
74172,84.13
74173,1.05
74174,1.04
74181,1.045
74191,7.53
74193,1.03
74202,4.445
74203,5.8
74207,21.935
74208,1.055
74210,8.51
74224,99.15
74225,66.35
74226,12.8
74234,11.905
74237,85.84
74259,34.38
74277,51.835
74278,3.83
74279,8.96
74283,5.72
74290,18.915
74291,1.065
74296,1.1
74297,4.65
74302,1.05
74303,1.045
74305,19.205
74306,1.025
74307,1.03
74310,39.99
74336,64.495
74339,12.05
74340,4.81
74341,1.035
74344,8.765
74347,3.595
74353,4.08
74355,1.04
74356,15.515
74359,4.175
74361,88.215
74380,180.81
74399,109.95
74400,1.08
74402,15.555
74444,56.81
74461,183.65
74497,313.855
74499,1.16
74570,361.71
74571,23.855
74572,8.865
74577,6.215
74581,12.005
74590,55.08
74591,94.84
74612,5.615
74614,1.04
74615,1.23
74653,226.2
74654,1.1
74656,1.38
74659,14.16
74680,1.62
74685,1.055
74687,28.925
74702,58.59
74707,33.16
74753,85.875
74787,18.375
74788,1.02
74789,1.025
74810,33.45
74827,23.57
74828,1.27
74830,5.485
74834,1.17
74839,26.295
74840,1.055
74844,8.455
74853,7.325
74854,1.045
74866,45.595
74901,99.78
74905,4.85
74906,1.035
74919,25.695
74921,1.095
74923,1.045
74924,1.055
74932,1.055
74934,1.04
74936,1.115
74939,52.605
74940,1.025
74941,1.59
74951,5.4
74971,158.01
74972,1.11
74989,31.645
74991,1.17
75003,69.365
75004,1.21
75006,1.185
75007,1.07
75033,1.48
75035,6.375
75037,1.225
75038,1.01
75039,1.025
75040,1.03
75042,9.685
75043,1.08
75047,20.245
75049,1.36
75050,7.69
75055,1.185
75057,1.025
75059,1.25
75063,42.665
75066,1.03
75067,1.03
75068,1.045
75069,1.18
75070,5.1
75077,6.215
75098,14.45
75117,153.51
75119,10.315
75131,13.41
75132,8.56
75134,11.38
75145,164.265
75146,1.0
75148,1.175
75156,18.545
75159,37.67
75171,196.82
75172,5.765
75223,520.48
75226,1.105
75227,5.39
75228,1.075
75231,1.02
75233,29.24
75254,35.485
75264,4.715
75265,1.06
75266,1.025
75267,1.035
75280,101.665
75282,9.68
75283,1.38
75314,202.615
75326,59.345
75327,1.06
75338,5.435
75347,99.765
75348,58.585
75359,41.12
75373,266.445
75380,1.23
75388,7.87
75398,1.955
75400,8.375
75401,20.44
75403,1.075
75415,1.1
75416,4.595
75418,1.05
75419,14.175
75420,9.505
75441,209.075
75457,34.86
75458,33.85
75465,153.985
75466,4.915
75467,1.295
75472,1.0
75539,85.05
75546,1.28
75547,1.285
75548,1.08
75549,4.73
75607,155.94
75612,144.185
75616,251.14
75626,1.07
75627,1.095
75633,1.29
75664,35.8
75665,1.05
75690,277.73
75731,21.51
75753,4.32
75761,34.99
75762,1.04
75768,4.025
75772,1.06
75786,21.445
75787,1.06
75789,7.79
75794,18.585
75796,1.045
75847,314.51
75852,1.165
75855,1.055
75857,1.175
75858,1.14
75875,1.185
75879,1.065
75882,4.32
75886,1.035
75887,68.51
75911,63.815
75947,347.895
75948,27.07
75965,5.06
75966,26.165
75972,13.195
75975,34.195
75976,29.24
75977,3.54
75978,9.98
75996,72.585
76005,13.73
76014,5.225
76026,64.245
76028,4.335
76034,29.82
76035,12.205
76040,24.465
76071,219.535
76075,42.92
76078,83.585
76098,81.33
76104,20.71
76107,1.635
76108,76.48
76111,4.16
76213,287.12
76215,1.05
76217,11.26
76218,43.42
76232,39.12
76259,88.835
76273,71.5
76323,104.67
76327,121.26
76328,1.13
76334,7.075
76338,17.595
76345,78.57
76378,109.17
76391,28.585
76394,1.025
76400,10.46
76406,4.235
76408,7.755
76412,1.02
76427,153.86
76432,36.78
76433,4.92
76434,1.035
76438,173.905
76439,4.625
76451,4.8
76463,1.56
76464,1.02
76465,1.015
76466,1.04
76467,10.145
76489,89.745
76498,1.475
76504,86.545
76509,1.315
76510,9.915
76511,1.075
76529,46.025
76531,1.17
76533,4.52
76564,47.77
76571,1.125
76594,1.27
76597,25.26
76598,20.325
76599,1.095
76616,59.855
76618,13.705
76621,1.55
76624,1.115
76625,12.465
76626,1.03
76634,13.81
76640,1.66
76641,10.39
76643,1.015
76672,25.17
76673,1.285
76674,1.045
76684,1.175
76706,176.44
76707,1.115
76727,30.065
76749,410.44
76750,5.42
76751,1.005
76752,8.58
76784,1.475
76788,4.435
76793,1.045
76830,94.03
76831,1.26
76832,1.06
76854,317.81
76855,1.08
76862,33.37
76880,95.29
76882,13.78
76885,1.065
76888,14.96
76892,1.285
76893,1.42
76894,11.42
76895,8.925
76896,26.265
76915,114.325
76916,7.7
76920,1.065
76929,39.93
76930,13.325
76946,154.725
76948,8.975
76949,1.505
76950,5.645
76951,1.065
76952,1.05
76954,18.025
76958,1.39
76959,11.705
76961,13.425
76963,29.665
76970,50.76
76975,36.345
76976,1.065
76989,67.315
76991,1.215
77019,279.49
77035,98.31
77048,1.13
77052,254.18
77054,1.105
77098,191.51
77099,5.535
77107,12.545
77113,13.1
77129,201.39
77130,1.03
77148,28.755
77152,99.52
77179,123.34
77181,1.245
77182,1.005
77183,1.68
77184,28.845
77194,56.27
77208,125.655
77229,45.545
77240,44.465
77245,1.12
77249,5.71
77252,17.445
77253,7.425
77256,5.89
77269,1.025
77270,1.04
77279,1.2
77283,1.55
77292,73.51
77293,2.51
77320,159.905
77322,69.145
77325,17.235
77367,20.265
77368,23.93
77369,9.145
77370,20.235
77373,115.18
77374,85.71
77378,9.28
77381,4.705
77384,3.995
77388,4.89
77415,280.995
77416,6.21
77425,25.935
77436,91.4
77437,4.545
77450,25.98
77460,17.675
77480,345.645
77504,30.51
77505,1.03
77510,22.065
77512,1.23
77515,1.045
77516,1.51
77517,17.3
77518,1.05
77525,169.265
77526,1.075
77527,17.355
77528,1.01
77529,1.03
77530,24.11
77542,1.28
77551,24.55
77558,10.645
77560,37.15
77580,117.125
77581,13.195
77604,39.28
77605,1.05
77617,58.835
77618,1.015
77620,13.49
77634,29.56
77641,14.725
77642,5.675
77754,402.38
77755,45.59
77757,138.115
77783,37.175
77785,1.41
77786,4.54
77787,1.1
77788,7.685
77789,1.16
77816,245.165
77819,23.0
77821,4.58
77822,1.045
77825,5.115
77827,1.125
77830,73.88
77835,5.17
77836,1.04
77837,9.32
77838,12.075
77847,17.085
77848,1.065
77849,1.07
77850,1.25
77852,21.845
77854,7.96
77858,8.915
77863,22.655
77867,1.15
77877,74.01
77881,5.625
77883,1.025
77887,1.07
77888,1.055
77915,12.635
77917,4.175
77959,348.265
77960,7.73
77973,58.175
77978,16.07
77979,1.02
77980,1.05
77982,1.435
77985,1.11
77986,1.025
77990,1.035
77999,114.72
78002,8.925
78003,5.555
78007,14.195
78008,39.025
78024,19.35
78026,11.06
78028,1.22
78038,103.52
78060,66.735
78061,1.57
78063,1.03
78070,15.6
78090,60.195
78091,14.85
78092,36.065
78104,9.9
78105,8.175
78106,1.105
78109,1.06
78111,4.475
78128,40.4
78169,42.95
78174,22.06
78179,1.09
78182,1.045
78186,1.075
78187,1.075
78191,8.795
78194,1.085
78235,8.47
78236,1.06
78242,1.095
78243,1.02
78248,1.06
78250,1.075
78269,9.085
78328,123.055
78341,108.5
78342,1.26
78348,40.255
78361,14.34
78368,13.035
78369,1.105
78370,1.065
78415,28.39
78423,5.63
78424,47.995
78425,1.005
78426,1.03
78432,9.92
78433,1.02
78441,9.18
78443,1.21
78462,21.725
78468,1.035
78469,1.09
78470,57.505
78476,1.105
78477,1.015
78479,4.92
78480,1.035
78529,105.2
78549,83.75
78550,1.0
78551,1.065
78553,1.12
78554,1.06
78555,1.01
78558,1.015
78563,4.61
78564,1.015
78566,1.195
78575,19.96
78579,50.415
78582,9.57
78590,1.295
78598,6.825
78599,1.025
78600,1.075
78601,1.075
78627,106.395
78633,18.88
78671,215.18
78672,12.565
78673,5.48
78689,24.245
78690,1.175
78695,1.13
78696,1.015
78697,1.07
78698,1.085
78699,4.68
78704,1.145
78705,8.635
78764,223.6
78765,1.075
78777,49.94
78778,49.475
78779,47.59
78780,1.145
78781,142.05
78793,26.68
78800,42.08
78810,6.02
78813,27.72
78846,97.23
78847,1.03
78897,36.175
78900,1.06
78901,5.42
78902,1.015
78904,177.475
78905,3.885
78909,1.21
78915,10.04
78916,17.71
78920,1.39
78921,1.055
78922,1.04
78925,1.045
78935,1.075
78999,133.67
79011,5.37
79028,151.79
79035,21.27
79045,5.04
79052,28.045
79053,1.03
79054,1.06
79055,25.615
79069,290.74
79077,21.405
79079,26.3
79101,15.375
79108,5.755
79109,13.49
79129,35.035
79131,18.2
79152,108.58
79153,1.01
79154,1.245
79155,1.065
79156,1.195
79157,1.165
79171,1.075
79176,2.18
79187,81.84
79201,1.085
79208,26.85
79214,1.075
79224,16.91
79226,5.1
79238,17.795
79239,1.165
79240,1.045
79267,101.38
79277,94.34
79278,5.555
79297,35.74
79298,1.01
79303,21.845
79312,1.08
79337,29.98
79339,9.61
79360,12.36
79361,1.05
79363,1.205
79371,11.495
79372,1.05
79379,47.365
79380,1.025
79382,1.115
79383,10.47
79385,5.205
79388,1.065
79390,1.21
79391,1.075
79392,1.06
79393,1.045
79397,39.855
79398,4.355
79402,1.095
79403,5.285
79405,1.07
79408,49.49
79412,1.56
79413,1.02
79418,17.195
79423,16.875
79424,1.02
79443,1.56
79448,1.065
79450,1.05
79451,1.085
79455,21.385
79463,1.25
79466,19.135
79467,4.775
79468,16.48
79477,25.17
79478,9.74
79513,65.99
79515,1.625
79517,1.445
79518,1.385
79531,1.35
79552,240.71
79553,1.01
79556,1.09
79570,151.405
79595,24.985
79603,12.03
79605,4.265
79609,1.16
79610,1.195
79613,22.215
79621,1.065
79628,1.035
79629,1.05
79630,1.035
79631,1.075
79633,129.18
79644,62.2
79645,1.025
79646,1.14
79648,10.655
79649,4.125
79654,1.375
79655,1.06
79656,1.075
79712,191.235
79722,6.74
79746,1.055
79747,1.02
79749,1.045
79751,1.45
79752,1.26
79756,1.16
79758,61.125
79771,23.24
79792,36.13
79811,107.76
79814,1.18
79818,18.76
79821,110.61
79860,189.19
79863,8.825
79892,61.76
79936,100.07
79942,26.005
79943,8.33
79956,132.24
79960,34.92
79961,5.205
79964,1.205
79974,20.32
79975,1.04
79978,7.99
79987,1.23
79988,1.095
79990,17.745
79994,1.68
80001,1.065
80002,4.605
80003,1.04
80011,68.78
80012,3.92
80015,151.76
80019,1.21
80021,40.63
80026,1.105
80037,24.615
80041,53.635
80042,1.14
80044,6.4
80063,182.375
80089,20.405
80092,34.375
80093,1.155
80095,1.06
80111,5.265
80112,1.01
80113,1.105
80114,1.225
80116,1.1
80119,14.17
80120,6.36
80121,1.1
80123,36.78
80186,367.385
80187,76.355
80189,5.41
80190,12.755
80192,1.29
80193,1.07
80196,1.07
80198,19.23
80207,1.125
80213,25.435
80218,131.465
80223,52.88
80276,189.19
80281,17.97
80327,53.285
80352,50.045
80358,25.07
80361,1.195
80371,1.2
80372,8.995
80373,1.015
80374,1.09
80375,7.16
80378,27.465
80380,29.23
80383,1.145
80387,45.21
80392,20.945
80394,1.07
80396,1.075
80397,1.01
80398,1.035
80400,1.055
80405,1.17
80406,9.62
80407,1.07
80408,60.005
80421,11.87
80429,127.49
80430,1.235
80433,18.925
80438,36.885
80439,9.055
80440,10.73
80442,1.04
80464,1.095
80471,11.62
80472,1.02
80477,68.895
80479,27.03
80480,1.095
80482,1.11
80491,19.16
80496,34.245
80498,1.01
80525,114.135
80526,1.065
80527,1.1
80528,1.05
80531,4.735
80533,1.03
80534,5.345
80554,130.02
80559,11.24
80561,202.58
80562,1.04
80576,70.8
80577,1.05
80579,30.89
80581,4.965
80585,17.43
80593,68.28
80595,1.495
80600,8.845
80602,21.185
80603,1.015
80604,1.02
80629,176.485
80630,1.045
80631,1.08
80633,1.095
80642,21.945
80643,1.025
80645,1.05
80646,106.135
80647,1.095
80650,1.545
80651,1.2
80691,35.905
80692,3.615
80727,124.97
80740,20.12
80742,1.11
80745,10.87
80752,1.17
80758,1.74
80761,1.02
80763,12.21
80764,1.115
80774,1.245
80777,9.16
80782,144.99
80798,12.365
80803,30.02
80804,5.555
80809,7.82
80811,4.42
80815,1.105
80823,1.185
80831,25.13
80866,1.085
80867,8.97
80872,13.07
80874,24.335
80875,1.08
80880,9.265
80882,1.05
80896,230.9
80912,180.265
80928,10.5
80945,1.295
80954,1.175
80960,1.145
80988,44.55
80996,1.575
80997,4.355
80998,1.015
81001,156.86
81004,1.005
81031,258.605
81032,1.05
81080,24.19
81151,355.305
81166,23.03
81169,6.595
81170,5.36
81172,9.87
81175,1.055
81188,44.835
81198,10.39
81201,1.215
81214,5.55
81219,4.605
81221,4.465
81251,295.16
81280,5.4
81281,14.705
81286,9.64
81287,59.995
81296,19.68
81310,1.345
81311,1.04
81315,1.74
81321,36.285
81324,20.205
81325,3.465
81327,1.145
81353,24.82
81354,1.02
81355,1.255
81357,1.06
81358,140.305
81361,5.27
81362,1.04
81365,1.075
81368,1.065
81369,1.0
81370,21.08
81387,66.75
81394,16.2
81400,15.215
81402,4.695
81414,81.705
81415,1.05
81416,4.68
81418,1.015
81422,76.395
81432,39.145
81435,9.855
81454,7.635
81455,1.035
81456,1.045
81462,171.65
81463,1.135
81464,1.225
81477,251.925
81481,1.01
81487,1.08
81488,4.975
81489,28.815
81491,1.38
81496,1.475
81498,1.06
81500,1.24
81503,1.065
81505,5.285
81530,1.355
81539,19.475
81544,3.9
81545,4.74
81546,1.02
81551,8.595
81552,1.255
81557,40.23
81564,23.41
81565,1.09
81566,1.105
81567,1.195
81585,32.77
81610,9.15
81614,1.045
81615,1.135
81618,8.535
81619,1.1
81625,65.225
81632,1.155
81636,6.25
81639,1.08
81647,87.88
81688,52.3
81700,144.6
81702,8.47
81705,5.735
81706,1.055
81707,1.015
81708,1.085
81711,5.54
81712,1.06
81713,1.13
81715,1.055
81724,13.135
81761,164.82
81790,191.875
81792,28.295
81793,30.42
81794,4.68
81804,18.325
81805,1.01
81823,7.25
81826,5.11
81840,6.51
81851,47.71
81855,22.515
81864,6.345
81881,75.905
81897,52.145
81898,1.03
81899,68.44
81900,25.575
81901,1.12
81903,1.075
81904,4.715
81908,41.28
81909,1.085
81922,1.385
81925,6.445
81932,61.24
81933,1.06
81934,1.07
81937,34.39
81938,4.42
81941,1.07
81942,1.045
81958,25.365
81960,1.05
81964,1.145
81969,1.805
81970,5.195
81971,43.46
81974,14.175
82009,199.335
82010,3.14
82019,93.795
82020,3.18
82023,4.895
82069,101.655
82071,1.125
82072,1.04
82079,33.8
82115,108.27
82130,184.71
82142,226.485
82144,13.085
82156,1.285
82157,4.2
82158,1.145
82159,13.45
82160,105.035
82161,1.115
82168,8.02
82170,27.79
82175,4.45
82176,2.16
82184,17.185
82185,4.315
82195,95.715
82197,1.33
82198,1.095
82205,1.035
82207,9.795
82210,3.82
82214,40.39
82216,1.2
82217,1.345
82221,1.185
82238,1.27
82243,1.095
82245,5.3
82249,1.27
82261,105.52
82267,1.01
82286,110.3
82295,30.13
82296,10.735
82340,112.24
82347,200.025
82358,32.935
82359,5.925
82360,1.025
82361,1.44
82362,1.89
82365,40.735
82373,61.94
82381,8.255
82400,10.24
82406,83.25
82410,1.03
82411,1.02
82421,74.185
82422,1.105
82471,27.065
82472,1.04
82475,1.035
82482,38.995
82483,1.185
82484,1.01
82485,1.03
82498,36.31
82499,5.395
82500,4.965
82501,8.125
82535,1.375
82539,55.34
82540,1.025
82546,5.385
82555,1.13
82557,21.89
82558,90.34
82559,1.27
82560,1.15
82561,1.02
82562,1.115
82563,1.005
82587,148.69
82588,1.025
82590,10.525
82610,76.88
82615,37.31
82616,1.655
82618,24.38
82623,24.925
82624,5.065
82628,1.1
82643,45.235
82651,20.445
82657,4.615
82658,1.015
82704,253.76
82705,1.05
82707,4.42
82708,12.85
82709,1.24
82717,1.245
82718,1.08
82719,1.02
82729,52.13
82734,5.115
82746,1.37
82748,1.055
82749,1.04
82751,7.61
82752,1.025
82753,1.03
82754,20.72
82758,5.835
82767,74.55
82768,3.675
82770,12.825
82776,1.365
82777,1.19
82788,10.86
82796,7.485
82797,9.525
82798,1.085
82803,5.65
82804,1.025
82805,1.66
82806,79.04
82834,17.17
82837,5.085
82843,17.56
82846,1.8
82847,1.03
82848,5.86
82850,18.37
82866,57.02
82870,1.125
82881,44.055
82882,5.12
82884,1.165
82886,236.96
82887,170.605
82888,1.04
82889,1.04
82896,155.9
82897,1.04
82898,9.095
82899,9.515
82904,37.65
82905,11.92
82926,92.555
82927,1.185
82947,1.46
82948,1.05
82953,5.875
82965,54.58
82966,12.18
82967,1.03
82982,1.03
82985,4.885
83003,167.66
83004,1.03
83005,1.11
83016,201.075
83020,12.575
83022,1.025
83051,281.775
83053,14.695
83055,1.44
83056,62.655
83057,5.44
83058,14.51
83080,25.17
83089,98.47
83091,1.16
83092,1.0
83094,1.035
83095,7.095
83116,33.38
83129,5.405
83142,20.11
83151,110.16
83160,23.695
83161,1.01
83171,204.715
83172,175.115
83188,78.415
83197,13.055
83199,1.04
83200,1.05
83224,77.785
83244,1.97
83251,1.155
83257,95.205
83259,91.435
83260,1.005
83261,1.025
83284,100.975
83295,6.01
83298,9.2
83302,52.675
83303,44.31
83319,218.335
83351,308.395
83362,1.455
83369,4.88
83371,16.725
83372,1.035
83374,8.915
83375,1.055
83393,1.345
83421,50.615
83424,1.02
83425,11.935
83434,20.545
83438,1.155
83441,1.33
83443,17.67
83445,5.44
83453,68.38
83465,89.4
83466,16.72
83474,22.54
83475,10.83
83477,87.33
83488,87.11
83489,5.35
83490,1.065
83491,1.03
83492,7.085
83507,29.74
83518,75.695
83519,8.565
83560,188.05
83563,11.435
83565,1.725
83567,4.28
83570,1.17
83572,1.915
83580,30.73
83582,1.04
83583,1.035
83653,199.22
83654,1.085
83663,4.36
83665,31.415
83674,266.115
83676,1.085
83679,1.025
83681,1.075
83683,1.045
83686,1.32
83689,1.035
83694,123.62
83696,1.015
83697,1.115
83700,5.15
83720,123.92
83722,4.41
83723,16.08
83724,1.015
83746,10.13
83747,1.04
83770,69.44
83771,1.27
83773,97.655
83774,1.05
83775,1.085
83786,6.475
83797,37.755
83799,1.05
83801,1.045
83802,1.185
83806,9.945
83811,4.595
83812,1.08
83813,1.055
83825,21.145
83827,101.955
83830,1.025
83831,1.025
83833,1.09
83835,2.21
83840,9.425
83848,130.14
83860,25.415
83861,1.05
83872,28.225
83877,1.065
83892,67.795
83906,3.9
83924,1.245
83927,8.15
83929,3.905
83942,1.095
83943,1.19
83948,1.175
83959,35.34
83964,48.97
83966,3.835
83992,90.845
83993,8.205
83998,13.995
84005,31.305
84007,1.115
84008,1.1
84013,8.66
84014,1.08
84024,21.27
84025,1.13
84026,5.395
84032,31.58
84037,1.385
84039,1.08
84047,1.105
84052,6.17
84053,9.23
84056,6.08
84122,415.51
84127,16.62
84128,5.52
84131,1.055
84135,1.165
84145,1.245
84150,1.04
84156,1.12
84162,15.48
84164,77.445
84167,1.1
84176,48.61
84179,28.01
84180,4.705
84182,1.035
84185,1.99
84186,1.03
84188,1.1
84198,1.055
84204,57.09
84205,1.015
84207,13.575
84214,1.08
84257,145.825
84259,1.01
84265,203.575
84267,1.06
84299,1.535
84300,1.27
84301,1.545
84302,1.01
84318,32.095
84319,1.265
84323,13.765
84325,1.17
84327,214.73
84332,5.745
84333,32.5
84334,1.02
84336,1.035
84424,76.965
84425,1.05
84456,280.7
84457,6.75
84458,1.015
84459,1.02
84462,1.045
84463,6.22
84464,1.02
84477,11.9
84481,1.09
84482,5.66
84488,1.225
84491,1.34
84506,1.365
84507,54.595
84509,161.685
84510,1.02
84511,1.025
84512,1.22
84513,1.02
84514,19.565
84515,1.045
84520,1.065
84522,1.135
84524,16.005
84527,8.015
84551,83.305
84585,78.155
84609,1.53
84610,5.16
84614,1.03
84619,63.59
84620,5.155
84628,27.98
84629,31.69
84640,44.065
84641,1.015
84643,7.765
84645,1.025
84646,1.15
84654,1.14
84657,58.145
84660,92.775
84662,1.09
84663,6.115
84697,19.825
84698,4.225
84727,16.89
84728,1.045
84729,4.455
84730,1.045
84737,36.02
84740,27.655
84741,1.025
84764,6.02
84769,1.075
84773,1.21
84774,6.545
84799,33.205
84800,1.035
84804,3.785
84806,5.055
84809,1.1
84813,1.025
84815,1.155
84817,1.015
84818,1.245
84823,7.655
84844,81.1
84845,1.095
84851,100.6
84879,113.145
84881,7.095
84882,1.275
84886,182.355
84903,33.21
84904,15.11
84910,47.435
84918,16.155
84919,1.185
84933,30.905
84935,1.275
84942,11.04
84943,1.145
84968,21.035
84975,142.12
85009,195.75
85010,4.55
85011,5.62
85013,1.26
85037,25.355
85039,4.315
85040,18.175
85051,51.57
85077,206.27
85079,1.01
85080,24.905
85090,67.915
85091,1.18
85092,5.655
85102,163.065
85103,1.105
85104,1.0
85107,20.48
85108,1.045
85112,4.7
85113,5.195
85176,248.175
85177,1.075
85187,13.09
85190,1.075
85191,4.83
85192,1.075
85193,8.83
85199,22.115
85229,50.27
85272,192.53
85273,1.04
85274,1.035
85296,26.02
85298,1.11
85323,153.66
85351,43.32
85360,30.27
85363,1.09
85397,105.77
85398,1.2
85399,16.26
85400,5.7
85409,15.485
85420,72.37
85430,1.355
85432,1.205
85451,355.05
85452,1.025
85455,6.1
85456,1.035
85460,28.705
85462,1.05
85476,77.9
85481,209.795
85482,1.125
85485,72.17
85502,58.5
85503,1.085
85507,4.42
85508,1.035
85510,1.035
85532,4.33
85536,1.03
85559,14.655
85560,1.03
85561,1.005
85562,1.045
85563,13.17
85565,29.78
85566,1.125
85568,1.015
85570,1.295
85572,1.04
85607,181.645
85659,413.815
85667,28.185
85668,25.21
85740,301.425
85741,1.475
85744,88.98
85748,14.545
85750,1.09
85755,131.61
85756,1.03
85763,1.17
85764,1.055
85765,1.31
85767,1.035
85772,39.23
85774,16.605
85775,3.99
85778,137.575
85779,1.27
85784,1.64
85810,1.36
85811,1.08
85814,1.11
85815,1.02
85816,1.06
85820,1.35
85822,13.05
85829,8.16
85832,1.015
85834,10.67
85835,1.1
85836,8.75
85837,1.005
85838,1.885
85840,1.055
85841,1.05
85842,1.125
85844,6.295
85848,1.11
85851,1.275
85855,152.88
85857,1.035
85858,1.02
85859,8.2
85862,1.075
85871,199.705
85873,1.115
85874,8.205
85876,12.185
85877,1.025
85879,1.055
85881,1.1
85883,1.05
85891,7.88
85907,7.76
85908,1.025
85909,4.695
85910,1.225
85934,84.03
85940,87.98
85941,1.095
85942,12.94
85948,103.46
85952,25.235
85958,1.115
85962,20.11
85969,20.015
85970,4.755
85972,161.9
85973,1.035
85977,3.185
85978,1.065
85986,8.05
85990,246.12
85991,1.01
85993,1.035
85994,1.075
85995,1.11
85997,1.015
86000,70.835
86002,1.1
86003,15.86
86006,13.14
86007,1.06
86014,1.345
86016,118.06
86017,1.025
86018,1.025
86021,1.21
86029,139.745
86035,1.03
86037,11.84
86041,1.32
86042,5.02
86050,188.365
86052,4.545
86058,11.78
86062,150.135
86063,1.11
86065,1.01
86067,1.375
86084,1.005
86089,1.38
86094,24.735
86096,1.255
86103,11.83
86104,7.925
86108,30.815
86113,13.705
86116,35.465
86117,1.14
86126,8.31
86133,12.82
86137,8.585
86139,1.13
86146,5.36
86202,326.91
86204,1.03
86210,1.08
86233,96.965
86234,1.035
86235,1.785
86236,19.335
86252,73.665
86260,43.58
86261,5.21
86266,7.68
86268,33.975
86304,5.67
86305,3.91
86311,1.23
86312,6.345
86314,4.895
86316,4.255
86332,26.28
86334,13.115
86364,43.48
86368,13.375
86369,1.32
86411,50.415
86417,14.03
86418,1.03
86460,74.98
86483,42.125
86486,1.03
86499,1.605
86505,1.345
86506,5.375
86514,73.125
86516,3.125
86521,5.85
86522,1.54
86524,1.015
86525,1.035
86528,41.895
86546,55.25
86549,4.675
86554,1.08
86557,22.66
86560,6.36
86561,1.06
86562,5.55
86563,3.545
86566,8.86
86579,4.49
86595,1.52
86596,1.955
86609,1.14
86614,1.105
86615,1.005
86651,66.195
86652,1.04
86654,1.02
86655,1.055
86656,1.715
86657,4.055
86671,17.5
86676,28.045
86677,1.02
86690,5.525
86691,1.055
86692,1.185
86694,1.985
86697,1.015
86700,120.25
86702,1.145
86703,1.045
86704,1.045
86721,191.72
86738,69.555
86739,1.01
86744,84.27
86746,5.275
86755,1.19
86758,1.31
86759,1.085
86781,1.335
86782,1.015
86783,72.51
86784,1.775
86787,68.945
86788,1.11
86789,1.125
86816,24.775
86824,1.85
86829,31.44
86838,9.77
86839,4.69
86840,4.56
86842,1.035
86843,4.965
86845,1.04
86872,18.255
86892,29.76
86893,1.475
86901,5.87
86902,1.015
86903,1.04
86916,36.945
86923,9.725
86951,203.52
86952,1.065
86959,70.835
86960,4.36
86961,3.575
86963,5.305
86964,35.5
86965,1.025
86966,1.09
86974,6.44
86978,4.675
86979,4.92
86986,40.685
86990,1.575
86991,1.07
86993,12.165
86994,5.21
87006,51.715
87009,1.12
87010,13.185
87018,28.055
87019,1.01
87025,35.5
87034,10.45
87036,1.255
87038,13.99
87046,24.45
87054,20.585
87060,38.675
87061,1.165
87065,1.05
87066,1.07
87076,1.205
87079,1.075
87083,1.35
87088,84.735
87089,5.24
87128,74.175
87129,8.85
87130,1.055
87133,87.4
87160,60.265
87165,9.985
87168,1.075
87174,13.375
87177,1.095
87181,31.27
87187,73.99
87194,1.38
87214,210.695
87216,13.075
87219,12.835
87226,43.015
87227,1.255
87232,20.405
87233,1.045
87234,1.005
87237,11.03
87262,139.09
87263,1.06
87264,1.005
87294,286.145
87295,24.27
87296,2.0
87300,206.67
87302,9.165
87316,31.875
87325,254.82
87332,34.26
87334,12.36
87335,27.92
87336,21.505
87337,1.03
87340,26.325
87344,38.22
87345,1.38
87353,53.4
87375,8.21
87376,1.085
87390,68.17
87401,88.635
87412,26.285
87415,1.13
87419,1.015
87421,1.04
87422,1.065
87425,1.085
87426,1.035
87427,1.055
87452,22.35
87454,21.44
87455,1.025
87456,9.29
87460,6.07
87485,132.44
87486,5.475
87488,7.885
87492,64.14
87493,4.66
87497,72.355
87500,1.045
87501,5.76
87502,1.05
87506,96.61
87507,105.185
87510,21.385
87511,1.21
87512,15.165
87518,106.455
87519,1.045
87520,47.06
87521,5.13
87524,1.02
87525,1.135
87547,99.875
87548,30.295
87549,1.03
87563,78.26
87565,12.745
87575,41.995
87579,15.23
87584,24.325
87591,23.705
87593,1.045
87594,5.32
87596,32.48
87597,1.065
87598,1.04
87599,1.625
87600,5.34
87601,1.02
87607,1.15
87608,1.025
87629,158.145
87632,1.035
87633,4.17
87637,8.19
87638,1.0
87656,95.815
87657,19.595
87661,1.035
87662,1.0
87664,1.03
87667,126.795
87675,21.205
87685,83.785
87690,4.325
87691,1.015
87692,1.135
87695,18.255
87716,28.99
87719,1.155
87720,1.015
87726,1.055
87728,1.22
87760,16.685
87779,42.84
87780,10.795
87781,5.675
87793,142.57
87885,27.52
87888,1.08
87909,12.7
87910,1.015
87931,90.975
87936,1.135
87944,1.325
87947,5.14
87949,1.04
88012,186.615
88014,1.24
88015,21.395
88016,5.775
88017,1.01
88030,10.705
88032,24.105
88038,4.57
88042,47.78
88046,5.26
88047,1.045
88052,15.05
88074,149.695
88075,28.68
88076,1.095
88082,12.57
88086,1.09
88102,44.175
88115,1.17
88116,1.07
88117,13.065
88120,1.09
88121,1.015
88122,18.94
88128,7.705
88131,1.165
88135,18.125
88136,1.135
88155,189.52
88164,1.22
88166,16.125
88167,10.92
88175,15.15
88176,1.125
88184,37.89
88198,1.49
88199,1.06
88200,1.045
88201,4.36
88202,8.075
88216,256.985
88217,1.09
88219,4.695
88220,20.53
88221,1.105
88224,10.36
88227,11.965
88283,283.155
88311,75.725
88312,5.58
88313,1.135
88320,4.135
88339,1.455
88348,118.295
88349,13.055
88351,1.085
88352,1.02
88356,1.085
88357,1.01
88358,1.05
88361,12.37
88379,31.82
88381,1.29
88393,35.19
88404,38.12
88411,1.15
88419,33.785
88420,1.045
88481,317.125
88482,5.09
88485,1.14
88487,1.1
88491,1.13
88492,1.04
88494,1.145
88496,1.07
88511,46.585
88512,1.03
88514,1.005
88541,83.72
88543,13.16
88560,187.155
88563,1.02
88568,8.495
88571,1.03
88572,48.695
88576,16.28
88577,1.725
88578,1.025
88583,18.525
88584,3.305
88596,26.645
88598,1.14
88599,1.035
88600,40.615
88602,1.01
88604,1.06
88633,176.05
88644,262.255
88647,52.845
88648,4.755
88649,1.43
88650,19.41
88657,1.06
88658,20.615
88661,1.075
88663,28.78
88664,1.05
88678,20.885
88680,5.135
88684,51.53
88704,25.915
88705,1.07
88708,1.06
88712,1.075
88715,1.22
88720,135.505
88727,1.445
88728,1.03
88729,1.015
88734,4.43
88744,10.46
88746,124.8
88752,14.63
88768,7.45
88847,96.455
88848,5.07
88850,1.03
88876,1.2
88877,1.05
88881,24.655
88884,5.945
88889,27.505
88903,144.925
88905,26.99
88906,15.83
88907,1.175
88911,1.17
88912,9.265
88913,1.005
88917,25.195
88919,1.45
88923,1.21
88924,1.035
88925,9.94
88930,90.365
88931,1.32
88932,1.225
88948,206.985
88950,5.365
88953,1.13
88957,11.11
88959,1.025
88962,1.025
88968,19.945
88969,82.82
88981,11.735
88982,1.02
88984,1.21
88985,1.035
88987,1.405
88994,8.935
89006,32.71
89013,1.155
89014,1.235
89017,1.045
89020,5.65
89027,5.145
89033,1.33
89067,79.535
89072,32.34
89073,1.09
89091,276.015
89092,4.75
89093,12.73
89100,1.1
89104,1.03
89109,30.92
89110,5.005
89113,1.115
89114,1.65
89117,4.7
89119,5.055
89120,1.31
89121,10.68
89124,1.41
89131,13.03
89140,1.035
89161,5.34
89162,5.76
89163,1.06
89164,1.045
89165,1.055
89166,1.04
89167,1.335
89169,5.41
89170,1.0
89171,1.42
89173,13.705
89191,18.775
89194,227.945
89242,219.555
89248,5.065
89249,4.29
89257,240.04
89308,39.73
89312,14.19
89313,23.175
89317,5.095
89323,8.595
89326,5.655
89356,5.55
89358,17.55
89387,13.315
89425,165.23
89427,25.41
89458,220.17
89460,1.055
89461,1.14
89462,1.135
89483,7.885
89487,74.62
89516,20.45
89538,145.22
89548,1.185
89549,1.02
89558,30.195
89560,1.27
89588,170.57
89591,1.04
89603,119.11
89604,8.515
89606,1.055
89611,27.575
89614,1.205
89619,26.23
89630,1.225
89634,1.02
89641,1.17
89643,1.07
89644,1.15
89645,1.165
89646,5.93
89647,17.91
89652,59.64
89654,59.9
89732,568.435
89734,1.035
89737,5.44
89745,5.26
89746,43.1
89753,78.13
89754,54.72
89755,15.605
89777,14.025
89779,1.03
89781,1.03
89782,126.73
89783,1.0
89794,18.755
89801,1.1
89804,3.59
89812,87.83
89813,1.015
89820,27.455
89821,99.655
89835,121.315
89836,1.025
89837,5.665
89838,1.24
89839,1.025
89840,3.54
89848,77.2
89857,1.185
89862,54.78
89869,21.125
89881,15.735
89882,1.145
89910,255.72
89915,104.075
89916,2.425
89922,11.965
89924,1.11
89926,1.045
89928,1.23
89929,5.35
89969,185.655
89972,1.04
89994,72.17
90000,1.11
90007,1.1
90012,9.66
90021,5.76
90023,1.07
90025,1.09
90031,26.81
90038,295.17
90043,8.68
90048,236.72
90049,1.015
90053,6.885
90063,1.195
90065,1.02
90068,58.9
90071,1.06
90072,1.175
90073,1.06
90074,1.105
90075,4.805
90077,1.14
90078,1.075
90079,1.025
90083,1.035
90093,4.755
90096,8.71
90099,1.155
90100,1.035
90104,4.585
90113,23.69
90117,92.68
90118,1.05
90119,5.38
90120,1.03
90127,19.475
90128,47.11
90151,13.89
90152,5.465
90171,194.78
90186,286.855
90189,1.135
90213,16.99
90216,1.295
90251,5.77
90253,109.155
90258,5.415
90259,1.08
90260,1.255
90266,4.42
90268,1.02
90269,4.24
90270,43.455
90272,1.085
90275,10.18
90281,35.92
90284,21.635
90285,1.07
90286,1.035
90402,539.14
90403,56.825
90404,19.905
90408,28.68
90411,1.01
90413,3.635
90416,7.475
90426,78.825
90427,218.255
90437,231.62
90438,3.935
90439,1.04
90442,1.11
90450,34.005
90452,76.26
90453,1.03
90455,1.28
90462,30.795
90466,1.025
90467,1.015
90476,4.575
90485,19.665
90486,1.01
90506,56.54
90507,2.685
90535,37.315
90536,1.02
90538,21.78
90550,12.18
90553,11.275
90577,44.12
90592,405.53
90594,1.07
90604,4.585
90618,28.955
90623,1.205
90625,2.06
90630,1.14
90632,1.02
90637,87.655
90645,32.515
90649,1.005
90650,2.755
90668,76.66
90671,27.275
90689,28.07
90794,372.455
90800,20.275
90805,4.015
90806,1.075
90807,5.305
90809,1.05
90812,9.105
90815,1.105
90816,4.985
90822,52.755
90830,1.08
90831,5.405
90835,1.07
90839,22.14
90841,4.78
90850,36.31
90853,1.065
90854,8.34
90879,48.99
90881,13.095
90899,39.985
90900,5.505
90901,1.11
90902,1.05
90908,4.33
90909,1.22
90910,1.13
90911,1.015
90912,1.08
90919,10.225
90922,1.015
90938,44.335
90950,1.375
90954,14.42
90970,8.785
90972,1.015
90975,70.995
90976,1.04
90981,5.27
90983,1.1
90985,1.05
90986,1.03
91005,282.185
91006,18.155
91008,5.74
91012,1.055
91015,11.415
91025,88.84
91027,8.405
91028,1.04
91029,1.08
91031,1.02
91032,1.05
91033,77.615
91037,32.21
91060,104.805
91061,5.465
91062,1.065
91063,1.89
91070,21.085
91101,111.965
91109,25.6
91130,101.54
91131,1.275
91152,39.3
91153,1.025
91154,10.5
91169,33.8
91178,53.075
91179,1.305
91186,1.19
91187,1.03
91190,17.65
91192,12.445
91194,10.705
91196,20.165
91215,31.19
91216,1.05
91217,1.065
91220,1.08
91221,9.045
91222,3.385
91227,1.06
91230,1.125
91232,4.57
91233,1.01
91237,18.755
91246,12.08
91247,1.005
91252,10.895
91253,1.175
91254,1.06
91286,21.57
91287,1.065
91288,1.06
91289,1.04
91312,1.185
91313,1.015
91318,79.405
91320,4.265
91321,1.035
91328,2.21
91329,1.125
91334,28.9
91401,196.75
91402,47.96
91403,8.14
91408,1.04
91409,1.24
91453,41.985
91456,9.3
91457,1.02
91459,1.54
91481,39.6
91484,23.795
91485,27.675
91521,26.79
91523,1.48
91524,1.035
91541,108.025
91542,2.615
91549,42.0
91552,18.545
91556,4.87
91557,1.055
91586,473.32
91591,7.765
91593,121.54
91612,28.375
91613,1.11
91616,15.735
91617,1.095
91618,1.02
91619,51.86
91646,7.355
91647,1.635
91648,1.02
91654,12.595
91657,5.46
91658,17.235
91661,1.025
91666,30.805
91668,9.545
91672,1.11
91685,4.9
91686,1.185
91688,1.02
91689,1.07
91690,2.77
91692,1.02
91693,1.225
91699,45.335
91700,24.155
91701,25.68
91702,1.06
91703,1.015
91704,1.09
91752,34.48
91755,1.015
91756,11.63
91772,32.58
91787,67.89
91796,1.46
91798,5.34
91807,14.805
91808,9.07
91812,63.605
91813,1.22
91843,80.185
91858,1.385
91863,30.025
91867,1.08
91868,1.035
91913,63.03
91923,1.265
91926,1.055
91927,1.07
91928,1.055
91930,1.07
91969,157.87
91970,13.035
91977,1.155
92001,114.935
92004,125.38
92007,1.965
92008,11.115
92012,1.435
92013,4.21
92014,1.015
92015,2.055
92016,1.04
92024,38.21
92028,1.215
92043,118.575
92044,1.12
92045,12.74
92062,132.72
92075,126.9
92081,21.845
92085,9.995
92088,29.795
92092,152.565
92093,1.065
92094,10.405
92108,67.51
92109,1.27
92113,62.795
92123,5.165
92125,1.1
92128,1.04
92129,1.06
92132,1.07
92133,1.915
92134,8.125
92145,5.085
92149,1.18
92150,95.02
92151,1.025
92152,1.02
92163,205.925
92164,1.07
92166,1.05
92168,1.045
92178,1.195
92189,5.84
92190,1.005
92194,9.27
92208,29.965
92218,155.705
92219,1.085
92220,155.345
92228,11.06
92229,133.415
92233,24.17
92236,1.105
92237,1.035
92239,1.315
92240,167.265
92243,9.155
92248,1.325
92276,1.145
92279,1.035
92281,1.075
92297,76.725
92327,118.775
92357,220.27
92387,31.895
92388,1.355
92390,1.28
92391,1.085
92395,126.33
92437,247.31
92438,51.56
92445,8.37
92447,9.845
92452,49.43
92454,1.34
92464,5.805
92468,1.33
92472,1.06
92475,5.28
92477,13.61
92478,9.495
92480,1.235
92499,44.23
92500,1.19
92501,1.12
92504,1.155
92513,34.63
92516,50.885
92537,80.465
92538,21.59
92539,1.035
92540,36.77
92552,175.645
92554,3.8
92555,1.04
92559,1.595
92562,1.085
92577,156.695
92578,1.005
92579,9.67
92580,1.74
92581,1.01
92584,1.125
92588,4.48
92609,1.23
92622,10.95
92625,132.77
92626,1.26
92662,79.4
92663,11.81
92665,1.03
92790,524.885
92791,1.015
92810,94.365
92813,21.95
92817,12.16
92818,4.92
92826,1.29
92829,4.96
92831,1.235
92832,1.105
92872,41.72
92876,8.615
92877,1.025
92880,1.39
92881,1.095
92882,6.835
92914,94.425
92915,26.845
92916,1.08
92918,17.42
92927,170.235
92930,1.085
92933,8.635
92957,9.85
92958,4.97
92960,8.22
92961,1.035
92963,1.01
92975,1.09
92977,1.06
92978,1.295
92998,98.615
93005,1.0
93012,237.885
93025,214.985
93026,1.375
93029,7.655
93031,33.695
93032,50.96
93033,1.045
93096,137.615
93097,9.26
93098,5.72
93099,1.01
93101,96.51
93104,9.56
93112,19.35
93113,1.04
93116,1.095
93119,10.2
93121,68.125
93131,26.81
93132,1.895
93154,1.21
93155,3.605
93157,15.365
93158,1.215
93160,1.02
93172,60.81
93174,9.17
93176,125.92
93177,13.025
93179,4.71
93180,1.06
93207,26.935
93220,37.015
93226,16.87
93229,1.05
93235,31.83
93237,8.21
93240,3.885
93271,257.27
93275,1.0
93278,16.345
93280,1.045
93283,29.735
93296,39.76
93297,17.165
93310,45.955
93312,15.525
93318,34.955
93325,38.92
93326,1.075
93327,1.065
93329,4.62
93330,14.275
93360,70.49
93363,1.925
93364,9.05
93365,1.08
93371,1.235
93372,1.135
93376,41.0
93385,44.755
93395,22.605
93396,9.94
93402,1.115
93404,15.7
93406,1.025
93426,31.76
93504,589.29
93505,4.555
93506,5.59
93508,1.03
93509,1.32
93517,10.925
93518,1.0
93520,1.075
93521,1.0
93522,1.07
93530,80.035
93532,13.08
93533,1.51
93535,1.06
93544,203.52
93554,5.585
93558,9.435
93559,5.35
93561,1.055
93563,4.04
93565,1.085
93579,54.255
93580,1.205
93583,47.06
93585,1.075
93588,93.105
93595,31.925
93597,1.01
93603,10.56
93608,1.01
93610,68.5
93611,7.8
93624,253.16
93626,27.845
93627,38.745
93633,5.67
93647,49.225
93649,1.125
93661,1.34
93679,62.055
93684,1.11
93689,67.58
93690,1.02
93692,1.265
93720,1.235
93725,1.045
93762,6.405
93763,13.21
93798,247.095
93801,17.88
93804,1.19
93806,11.14
93818,8.94
93819,5.595
93820,5.875
93824,49.135
93835,19.42
93837,1.07
93838,1.1
93842,1.03
93843,5.06
93855,15.505
93859,5.375
93860,1.035
93868,1.095
93872,4.645
93873,1.015
93885,19.83
93886,1.045
93889,9.225
93890,15.42
93891,1.04
93903,61.645
93910,51.94
93936,6.27
93937,1.11
93967,33.405
93968,1.07
93970,1.065
93984,54.235
93986,1.015
93987,1.01
93988,1.01
93989,1.05
94022,37.42
94023,4.77
94024,1.025
94025,1.15
94026,19.39
94043,156.935
94138,130.935
94140,8.1
94141,1.025
94143,1.05
94144,1.035
94145,1.025
94146,1.06
94235,578.125
94244,144.835
94245,1.115
94250,1.13
94259,47.975
94260,1.07
94267,36.895
94269,13.4
94274,5.09
94287,3.64
94290,15.73
94291,1.09
94299,5.6
94304,1.08
94306,1.115
94313,1.27
94315,1.03
94316,4.055
94329,31.555
94330,1.065
94332,8.935
94348,134.705
94350,11.865
94357,211.505
94360,12.845
94361,1.03
94364,20.635
94365,1.05
94376,15.81
94380,68.59
94381,1.11
94385,16.85
94388,1.09
94389,1.28
94390,1.065
94391,1.435
94392,8.495
94393,1.06
94397,19.98
94399,1.155
94403,22.38
94404,8.675
94408,17.87
94409,1.01
94410,1.05
94412,1.1
94413,1.525
94414,1.14
94435,30.575
94445,12.24
94486,23.83
94487,1.055
94490,7.375
94495,1.075
94504,12.605
94513,28.705
94517,1.095
94524,5.625
94525,1.035
94526,23.565
94530,10.15
94531,1.7
94533,1.01
94538,1.185
94539,1.05
94541,1.085
94560,35.365
94561,1.025
94562,1.09
94597,227.24
94624,77.255
94630,1.125
94634,4.85
94637,1.035
94638,1.02
94639,1.025
94647,1.085
94648,4.89
94679,34.87
94680,1.075
94705,48.36
94710,1.075
94715,21.61
94716,1.055
94726,36.51
94743,1.235
94745,9.835
94747,4.33
94748,4.16
94751,5.165
94752,1.115
94753,1.015
94756,1.485
94780,1.29
94787,16.645
94788,17.805
94792,24.3
94793,1.015
94794,1.04
94797,28.26
94806,48.535
94817,99.235
94833,122.21
94835,28.785
94838,9.375
94840,1.065
94841,1.075
94842,8.395
94847,4.525
94855,5.125
94858,1.03
94862,12.31
94863,1.02
94864,1.07
94866,47.425
94868,1.08
94878,44.82
94879,1.065
94880,1.05
94881,8.35
94887,25.455
94915,151.005
94916,1.195
94918,4.985
94921,1.09
94926,1.275
94946,9.885
94947,25.825
94954,66.225
94958,11.43
94960,1.31
94962,5.12
94963,1.235
94966,1.205
94967,8.74
94969,19.54
94979,93.865
95036,397.115
95038,4.995
95045,8.135
95048,64.53
95049,1.06
95051,8.855
95062,10.355
95070,12.215
95071,1.095
95072,13.275
95104,5.275
95107,6.515
95109,1.75
95145,12.56
95146,1.06
95147,1.095
95148,1.015
95179,201.665
95180,13.34
95181,1.035
95194,31.99
95198,8.695
95213,9.6
95242,46.52
95251,15.36
95252,1.1
95255,228.33
95257,5.625
95258,8.985
95261,48.945
95267,1.055
95269,84.83
95270,4.195
95283,1.14
95284,4.69
95285,5.135
95291,1.145
95292,1.075
95318,82.4
95319,1.035
95324,1.015
95357,232.155
95391,1.455
95393,1.055
95424,10.045
95426,1.305
95431,1.635
95438,9.225
95442,13.765
95456,67.8
95460,12.535
95461,27.28
95462,1.17
95482,69.72
95487,1.075
95495,18.575
95531,97.075
95532,1.165
95533,13.225
95534,1.53
95535,1.33
95536,3.035
95537,1.135
95538,1.09
95539,4.97
95540,28.815
95558,125.445
95559,8.67
95564,72.39
95565,4.73
95569,1.275
95587,53.055
95588,1.185
95589,4.19
95609,1.24
95610,1.13
95611,1.03
95613,17.09
95646,1.57
95649,12.08
95663,39.41
95680,21.595
95681,1.275
95690,1.07
95691,1.475
95700,9.525
95701,1.125
95704,8.715
95765,295.885
95766,1.04
95767,1.065
95773,146.425
95774,2.295
95784,89.41
95786,1.08
95822,330.86
95823,1.05
95824,66.145
95828,1.135
95832,23.145
95839,4.845
95841,4.395
95843,1.135
95844,1.015
95845,1.48
95855,12.66
95857,60.76
95858,1.38
95860,8.81
95872,134.68
95878,31.03
95879,1.025
95880,1.02
95881,1.11
95887,76.71
95888,1.985
95889,1.425
95893,75.535
95894,1.12
95895,1.065
95911,299.845
95927,50.365
95934,103.35
95937,33.5
95940,20.145
95941,75.59
95952,119.325
95953,1.085
95956,1.05
95957,5.095
95981,2.16
95982,23.74
95996,47.31
96002,94.735
96083,43.155
96094,5.76
96100,46.125
96101,1.385
96118,106.475
96119,1.03
96145,41.695
96146,4.035
96147,9.845
96157,1.235
96158,12.255
96159,1.02
96164,59.0
96186,36.0
96190,29.07
96196,4.105
96197,4.975
96233,186.885
96234,1.01
96235,56.53
96238,1.01
96239,43.57
96241,9.745
96242,1.485
96244,1.09
96246,1.065
96261,1.345
96262,1.02
96263,1.09
96264,89.45
96304,8.545
96326,5.945
96327,1.045
96328,1.08
96331,130.935
96332,1.285
96334,78.79
96351,120.24
96352,13.755
96355,1.09
96356,4.505
96359,1.39
96364,52.045
96365,1.35
96411,78.95
96415,3.99
96429,55.0
96430,1.03
96431,59.875
96436,9.15
96437,1.015
96448,1.53
96449,1.235
96450,1.215
96456,4.48
96459,240.04
96463,1.095
96464,1.07
96500,30.26
96504,33.005
96506,1.015
96512,36.335
96525,45.015
96530,16.5
96531,1.02
96533,1.12
96570,69.165
96571,1.02
96596,138.53
96599,1.12
96600,1.045
96601,1.02
96602,1.08
96615,11.595
96616,6.09
96635,187.045
96641,9.025
96657,19.14
96663,44.1
96680,31.685
96687,22.055
96688,1.035
96726,122.505
96729,1.11
96732,1.11
96743,2.72
96744,18.215
96746,1.03
96747,1.09
96751,1.015
96765,4.945
96766,1.045
96776,13.205
96778,6.075
96786,77.88
96796,84.775
96800,1.13
96801,1.045
96802,1.11
96808,156.365
96809,1.51
96817,218.685
96818,1.275
96819,1.035
96820,4.565
96829,21.555
96831,1.075
96832,1.04
96848,73.215
96865,1.135
96870,26.55
96890,12.52
96892,1.045
96896,12.82
96897,1.02
96909,13.095
96913,7.205
96921,1.185
96922,3.84
96923,1.045
96925,8.225
96928,38.835
96963,5.12
96987,8.205
96994,8.3
96995,8.87
97004,7.65
97005,1.11
97012,50.005
97013,1.055
97014,1.045
97015,1.02
97016,1.04
97018,1.24
97019,1.13
97020,35.53
97026,10.87
97036,1.18
97037,2.68
97057,66.975
97063,1.17
97069,13.635
97070,1.04
97101,29.81
97110,111.735
97115,37.8
97128,2.06
97135,186.805
97137,1.01
97139,1.01
97143,1.1
97145,5.77
97147,35.875
97151,1.03
97163,12.14
97201,48.385
97202,1.04
97207,43.2
97208,1.08
97209,75.865
97217,21.02
97218,1.06
97249,429.455
97320,333.825
97354,79.26
97371,28.735
97372,5.415
97373,1.035
97374,1.025
97387,109.59
97388,1.025
97389,1.39
97391,5.005
97402,57.935
97403,1.425
97404,5.06
97408,1.165
97415,15.68
97416,1.18
97431,19.28
97432,1.015
97434,135.625
97442,1.23
97443,17.93
97444,1.195
97463,12.5
97469,60.24
97470,1.145
97471,63.045
97476,13.385
97478,1.075
97479,1.045
97480,1.04
97481,1.115
97482,1.065
97483,1.035
97485,4.645
97491,61.53
97492,1.025
97493,1.03
97494,1.01
97495,1.04
97499,26.44
97503,3.49
97504,1.02
97541,1.71
97542,19.93
97544,1.01
97553,5.55
97554,9.385
97571,17.615
97583,136.575
97586,7.635
97587,1.245
97588,1.01
97589,1.24
97590,1.015
97595,1.135
97602,1.715
97603,1.035
97607,1.035
97608,1.055
97613,1.085
97615,1.13
97618,1.12
97622,1.77
97631,68.195
97637,1.025
97638,1.035
97639,1.105
97654,247.755
97658,1.12
97669,1.105
97672,1.03
97675,1.11
97676,1.035
97677,1.025
97683,1.175
97685,1.045
97687,1.1
97688,1.005
97691,1.095
97698,1.21
97701,9.41
97704,1.33
97725,1.49
97726,1.12
97734,1.05
97745,10.57
97747,1.53
97749,1.055
97750,1.025
97752,75.695
97754,99.57
97788,27.155
97789,1.04
97815,86.31
97817,1.03
97841,68.4
97844,4.625
97847,1.33
97849,1.11
97859,18.58
97860,24.59
97861,1.16
97865,4.805
97866,14.055
97871,1.06
97872,8.085
97877,1.08
97904,53.745
97906,77.535
97916,119.33
97918,1.805
97920,1.23
97922,5.36
97930,4.56
97931,1.015
97937,1.1
97938,1.005
97939,1.41
97953,23.255
97956,8.24
97966,1.12
97967,1.11
97971,4.135
97974,39.52
97983,18.585
98020,19.905
98023,1.03
98024,1.475
98030,14.82
98031,1.06
98034,4.775
98055,17.34
98056,1.23
98057,1.255
98064,1.055
98067,137.905
98085,19.77
98086,31.88
98087,1.065
98088,1.13
98143,49.99
98150,29.53
98151,1.115
98155,12.62
98156,1.035
98162,21.945
98165,1.83
98170,9.175
98188,53.28
98190,9.725
98191,1.08
98216,30.215
98217,1.005
98225,153.555
98226,18.285
98229,7.965
98230,1.625
98234,31.415
98238,1.085
98267,33.37
98278,13.31
98279,17.375
98282,1.545
98315,20.33
98318,13.31
98319,4.14
98325,9.755
98326,5.12
98340,4.575
98343,1.005
98345,100.385
98346,67.21
98348,1.07
98349,1.255
98354,39.55
98356,1.045
98358,5.05
98412,74.35
98417,33.97
98431,19.805
98432,1.225
98439,57.88
98441,1.15
98449,1.38
98456,4.79
98463,4.8
98471,21.685
98477,1.135
98506,116.19
98511,5.23
98512,9.965
98529,9.165
98532,1.355
98533,1.035
98536,3.87
98540,5.56
98541,1.63
98545,14.585
98571,93.48
98586,114.565
98588,1.0
98589,21.85
98590,6.03
98621,104.815
98629,9.885
98631,4.835
98635,1.105
98636,16.68
98637,142.42
98639,65.605
98643,1.165
98645,1.025
98647,6.865
98651,1.025
98654,5.64
98698,29.21
98709,1.075
98712,1.335
98714,1.11
98721,9.055
98722,1.42
98724,1.445
98725,6.285
98731,12.65
98732,4.495
98735,1.61
98736,1.03
98756,1.5
98759,13.255
98761,9.61
98765,19.97
98770,7.665
98771,68.6
98772,1.11
98776,1.875
98777,5.155
98780,17.815
98853,93.725
98865,22.665
98871,20.94
98872,7.56
98873,1.07
98896,107.965
98926,32.57
98933,61.46
98940,3.445
98941,1.35
98944,4.3
98947,1.025
98948,1.055
98949,14.71
98951,46.42
98952,1.09
98954,9.065
98956,4.335
98957,1.085
98961,1.07
98962,67.44
98963,1.06
98970,9.79
98980,17.345
98981,29.495
98983,1.135
99023,318.49
99024,3.035
99028,70.31
99029,13.28
99031,20.42
99086,272.18
99104,276.685
99105,13.745
99107,1.35
99126,50.565
99129,18.865
99131,52.275
99144,32.85
99165,55.31
99166,1.045
99170,1.125
99177,1.09
99178,31.265
99179,1.04
99180,5.325
99193,129.095
99211,96.885
99219,21.55
99220,1.03
99230,1.16
99239,318.29
99240,1.17
99242,9.415
99245,1.015
99251,38.695
99254,103.845
99258,1.06
99259,1.07
99260,1.04
99263,8.71
99266,1.045
99324,351.81
99327,21.465
99332,1.4
99347,95.445
99348,41.22
99349,5.31
99359,1.225
99361,218.4
99370,26.245
99374,241.495
99375,1.045
99386,1.105
99431,122.915
99432,5.025
99449,91.765
99450,1.005
99452,1.02
99454,9.31
99455,58.835
99456,28.94
99462,1.38
99466,45.925
99467,12.715
99468,1.005
99469,1.23
99470,13.67
99472,1.26
99474,19.365
99476,4.66
99477,1.1
99481,9.27
99482,18.79
99499,1.305
99500,5.015
99504,9.085
99505,5.55
99514,21.595
99520,158.835
99521,21.215
99539,237.19
99548,32.985
99561,1.31
99562,7.79
99566,11.4
99568,1.78
99570,1.015
99572,1.015
99575,1.51
99601,24.48
99613,1.545
99614,1.045
99617,1.08
99621,5.265
99622,1.01
99623,1.07
99627,1.005
99634,35.6
99690,163.87
99717,38.145
99718,124.515
99741,74.98
99755,24.825
99757,1.025
99765,1.31
99774,1.145
99793,10.895
99798,11.94
99801,15.07
99802,1.01
99825,252.885
99833,8.555
99841,5.765
99870,325.535
99874,1.18
99877,18.825
99878,1.1
99879,1.13
99882,3.02
99883,1.09
99898,1.32
99908,16.88
99916,1.12
99923,1.055
99924,1.005
99930,11.88
99959,1.455
99969,143.415
99972,12.86
99973,43.56
99974,1.41
99980,65.805
99981,1.075
100021,170.555
100024,1.11
100025,1.14
100029,1.125
100033,16.88
100052,19.93
100077,251.355
100099,41.075
100100,5.775
100103,4.985
100105,9.145
100106,33.125
100108,17.375
100131,28.41
100138,15.625
100143,4.595
100150,1.385
100152,4.6
100159,228.58
100181,106.22
100182,9.905
100187,20.745
100188,1.665
100192,9.28
100194,3.425
100210,17.01
100211,1.13
100237,41.085
100238,1.045
100249,187.575
100254,18.805
100258,5.01
100260,5.425
100267,5.215
100268,1.12
100271,1.08
100272,4.26
100286,37.42
100287,67.325
100290,1.085
100296,1.1
100315,53.64
100352,91.81
100353,6.46
100354,1.365
100358,1.055
100394,286.965
100404,1.165
100408,5.725
100411,10.965
100412,14.18
100418,9.165
100424,1.29
100425,12.42
100439,119.035
100443,1.1
100444,8.875
100445,1.105
100446,1.05
100450,29.335
100452,1.105
100453,1.055
100456,38.27
100461,129.09
100462,3.79
100465,1.03
100471,1.05
100476,18.68
100478,10.79
100479,8.685
100480,1.01
100536,13.64
100538,15.815
100548,37.895
100551,1.115
100571,64.6
100573,38.42
100574,13.35
100578,22.025
100579,1.03
100581,1.0
100593,44.34
100606,16.42
100620,7.545
100621,1.17
100622,1.02
100624,10.59
100625,1.055
100626,1.12
100628,5.25
100629,1.0
100630,1.015
100640,101.155
100715,260.435
100716,1.01
100717,157.605
100721,1.27
100722,1.02
100728,106.06
100730,5.855
100733,1.35
100734,1.05
100735,1.185
100736,1.025
100740,9.285
100752,78.985
100754,86.205
100772,80.015
100773,1.05
100775,4.8
100778,20.315
100785,4.985
100791,15.615
100794,8.62
100795,79.19
100796,1.07
100813,24.585
100815,4.215
100819,13.845
100821,55.585
100875,155.915
100876,1.015
100884,65.155
100885,3.185
100886,15.76
100888,16.585
100897,6.4
100900,22.495
100907,1.025
100908,4.675
100911,1.145
100912,1.08
100913,1.235
100930,119.77
100937,33.23
100938,8.7
100958,413.495
100962,19.155
100970,25.22
100974,4.395
100976,1.075
100988,13.705
100989,52.86
100990,17.04
100992,8.99
100993,1.1
101002,24.18
101006,26.495
101007,1.01
101024,104.33
101025,9.7
101035,1.105
101037,3.895
101052,57.8
101054,1.01
101055,1.235
101066,42.875
101094,82.795
101095,117.67
101096,3.745
101102,174.435
101103,1.105
101105,8.99
101107,1.03
101108,4.615
101167,349.935
101168,15.03
101170,1.045
101173,8.4
101174,1.385
101178,23.355
101181,1.03
101182,5.295
101189,73.575
101190,1.105
101192,12.24
101196,1.14
101199,24.375
101207,4.715
101212,1.17
101218,13.29
101219,1.03
101220,1.13
101222,1.025
101227,59.085
101228,1.04
101229,5.79
101232,1.28
101236,51.07
101262,98.595
101265,1.165
101266,41.14
101267,1.115
101270,15.57
101271,1.205
101272,1.355
101273,32.895
101276,9.075
101278,3.61
101281,5.565
101282,1.06
101287,5.55
101293,5.385
101298,18.185
101300,1.55
101308,20.67
101318,15.54
101319,1.01
101322,11.725
101323,4.56
101324,1.06
101326,6.2
101332,12.975
101334,1.05
101336,1.08
101342,13.195
101344,1.015
101346,1.08
101347,1.12
101349,9.82
101361,376.805
101365,25.26
101368,10.0
101370,6.455
101371,13.895
101374,7.91
101378,1.405
101379,1.0
101383,1.39
101385,64.015
101388,1.205
101389,23.085
101390,3.305
101413,26.345
101422,13.22
101424,5.905
101425,5.095
101436,8.265
101437,1.01
101446,128.94
101447,1.03
101457,1.265
101461,1.025
101462,1.015
101463,1.045
101464,1.02
101465,34.495
101467,1.005
101468,34.95
101475,1.495
101495,25.875
101520,106.72
101521,1.015
101523,50.5
101528,33.37
101556,11.34
101557,5.205
101558,179.775
101559,1.06
101560,4.75
101562,7.34
101563,1.015
101579,9.92
101581,60.155
101585,14.7
101586,1.06
101610,22.15
101611,38.335
101612,1.015
101622,1.21
101625,1.17
101626,1.105
101635,31.14
101641,129.3
101661,22.58
101662,4.34
101671,92.28
101672,8.455
101673,3.88
101682,8.24
101683,1.075
101695,12.715
101696,1.075
101705,5.61
101744,166.83
101748,1.3
101749,1.085
101751,244.02
101780,221.81
101797,251.77
101798,13.35
101806,5.11
101807,14.145
101811,38.28
101813,7.95
101821,5.415
101827,11.02
101836,14.455
101841,1.73
101842,11.745
101845,4.42
101848,1.06
101849,1.005
101855,5.285
101860,8.725
101861,1.01
101863,218.275
101871,111.8
101872,1.025
101873,1.03
101875,1.1
101877,1.025
101890,13.78
101892,10.64
101894,1.075
101897,1.02
101903,5.635
101917,31.96
101921,4.38
101929,4.94
101930,1.055
101932,1.27
101936,5.62
101940,5.235
101941,1.42
101942,41.575
101953,8.815
101954,8.64
101958,1.07
101973,1.175
101974,1.02
101975,53.905
101986,61.11
101994,100.605
101995,1.155
101996,15.775
102035,167.51
102038,1.055
102043,56.05
102116,121.035
102117,5.51
102118,41.62
102125,44.635
102128,1.115
102132,36.42
102133,1.06
102134,1.02
102135,1.08
102166,33.985
102167,1.05
102191,5.255
102194,5.125
102198,9.915
102199,18.41
102200,1.215
102201,1.065
102203,95.09
102204,10.22
102205,1.065
102277,218.175
102282,127.225
102305,72.725
102308,5.555
102309,1.035
102317,19.195
102326,17.45
102330,1.09
102331,27.73
102334,3.4
102335,1.025
102336,4.43
102337,1.065
102338,1.07
102341,1.1
102344,1.015
102345,5.665
102352,47.885
102353,1.03
102361,12.89
102362,1.025
102364,4.275
102365,1.08
102371,1.09
102376,27.5
102382,70.745
102388,70.69
102397,21.105
102407,1.2
102412,4.075
102414,35.45
102417,13.04
102422,1.085
102423,1.105
102424,1.0
102456,13.26
102472,4.78
102474,1.045
102475,1.07
102479,1.05
102480,1.055
102485,8.765
102490,8.25
102498,1.075
102511,40.345
102523,17.5
102524,3.87
102525,1.055
102526,8.81
102527,1.055
102529,1.065
102530,14.52
102531,1.175
102532,1.04
102550,1.16
102551,1.045
102572,5.405
102576,1.095
102582,1.065
102586,30.755
102617,41.865
102618,4.6
102633,29.695
102653,116.11
102654,1.115
102655,5.765
102661,39.945
102672,103.63
102686,1.13
102687,4.58
102688,1.065
102691,150.465
102692,67.245
102698,1.205
102718,128.635
102720,1.19
102722,1.12
102723,1.02
102725,23.62
102731,23.3
102746,67.94
102748,1.125
102749,5.395
102750,1.11
102752,72.875
102754,4.315
102755,1.09
102756,24.845
102758,5.68
102759,1.01
102764,45.395
102766,22.605
102795,152.715
102805,228.905
102806,11.545
102808,1.07
102809,1.02
102816,1.26
102817,1.08
102818,19.56
102855,171.755
102856,11.995
102874,21.975
102875,9.705
102876,1.655
102877,1.7
102880,1.04
102891,1.365
102892,1.015
102905,13.21
102912,1.155
102926,24.92
102928,1.27
102950,79.54
102951,1.1
102954,87.725
102955,10.87
103011,13.265
103013,1.875
103014,1.08
103018,4.925
103021,9.92
103027,36.49
103028,1.345
103029,1.035
103031,29.215
103032,1.115
103034,21.985
103038,4.32
103046,170.255
103048,4.7
103049,1.05
103052,15.725
103053,1.05
103058,178.625
103059,1.045
103096,62.63
103098,1.01
103115,91.885
103116,1.42
103117,1.09
103120,12.68
103136,32.26
103169,201.635
103171,10.57
103173,45.795
103174,1.045
103179,20.92
103195,1.56
103201,22.59
103205,3.04
103208,4.68
103211,1.175
103213,1.015
103216,1.08
103217,1.05
103218,1.03
103230,303.185
103234,1.595
103235,1.045
103236,1.02
103264,54.53
103265,5.52
103290,115.86
103309,34.395
103321,1.185
103323,1.07
103324,27.31
103326,4.66
103328,88.97
103354,8.99
103361,87.425
103364,1.02
103365,1.125
103407,248.2
103415,28.515
103429,1.33
103430,1.015
103431,1.05
103432,1.09
103437,8.39
103447,8.805
103453,1.265
103454,1.04
103455,20.37
103456,1.135
103457,1.05
103461,24.255
103463,18.22
103464,1.07
103465,1.495
103466,1.025
103473,5.81
103476,5.6
103484,208.63
103492,150.535
103498,1.13
103500,10.365
103502,1.025
103519,4.98
103549,119.565
103552,1.73
103558,118.4
103567,26.03
103571,108.0
103586,87.225
103587,17.735
103589,190.555
103608,4.395
103620,112.52
103629,1.13
103648,40.57
103671,136.75
103672,1.235
103673,59.2
103674,33.895
103697,86.3
103698,1.19
103701,28.315
103706,196.81
103718,139.105
103749,16.8
103750,5.34
103752,1.265
103767,1.525
103768,7.18
103769,1.03
103770,13.99
103773,5.965
103778,1.17
103783,9.59
103784,1.04
103785,1.115
103786,1.03
103796,133.03
103799,4.63
103805,1.025
103807,1.285
103811,5.45
103812,11.245
103824,18.99
103825,4.9
103837,1.035
103838,1.01
103853,1.53
103857,16.59
103861,12.655
103894,52.64
103895,1.325
103909,1.15
103934,169.87
103935,1.265
103937,22.955
103938,48.1
103939,1.055
103942,24.56
103961,96.86
103989,17.63
103995,6.76
103997,1.04
103999,1.255
104000,1.01
104001,1.15
104004,1.015
104005,1.13
104040,252.125
104041,1.01
104043,5.14
104045,1.095
104047,32.665
104048,4.695
104049,9.345
104073,209.32
104074,1.01
104075,4.285
104093,5.695
104094,1.035
104095,1.04
104098,8.86
104103,253.965
104104,1.07
104107,1.06
104108,1.035
104109,1.045
104113,182.77
104114,1.035
104115,9.21
104154,1.27
104155,19.39
104163,27.135
104164,1.16
104166,8.615
104177,1.375
104194,24.72
104197,6.945
104241,109.25
104248,27.56
104260,1.09
104262,5.94
104263,1.445
104265,1.04
104266,1.065
104272,23.605
104273,1.085
104277,1.09
104278,34.635
104287,8.96
104288,1.065
104289,9.795
104297,1.06
104298,1.05
104299,1.045
104300,12.62
104301,1.135
104312,108.89
104316,1.07
104318,1.04
104322,1.155
104323,9.425
104328,7.145
104329,10.845
104365,209.035
104366,38.515
104367,1.05
104391,43.265
104395,8.725
104398,1.11
104400,1.465
104401,1.05
104404,1.04
104405,5.97
104408,7.085
104409,1.095
104410,1.195
104414,56.375
104415,54.345
104417,1.015
104422,5.63
104430,9.465
104431,1.89
104437,15.73
104449,5.815
104450,1.08
104458,54.645
104466,1.125
104467,10.02
104468,1.075
104473,38.64
104474,5.06
104483,21.545
104485,1.02
104490,1.16
104491,1.1
104522,6.02
104523,1.01
104524,1.045
104525,1.42
104526,5.065
104544,96.51
104545,1.06
104548,1.47
104589,63.4
104602,25.99
104603,1.02
104652,55.27
104654,10.28
104655,1.035
104667,1.185
104669,1.265
104682,39.4
104749,348.135
104802,300.665
104803,1.03
104841,8.46
104842,1.015
104845,1.12
104850,10.07
104851,1.08
104854,1.055
104859,1.05
104865,1.14
104866,1.085
104877,6.0
104878,1.015
104879,1.555
104880,1.14
104896,39.2
104897,50.645
104942,99.84
104953,7.94
104961,63.93
104963,70.92
104964,3.33
104966,10.77
104967,1.005
104976,174.51
105016,57.755
105017,1.05
105019,1.08
105034,1.84
105035,1.53
105037,1.305
105038,5.57
105049,255.52
105050,1.085
105077,13.095
105079,1.035
105083,152.24
105085,1.38
105101,118.82
105102,1.065
105103,1.505
105107,9.56
105108,1.02
105109,1.01
105110,5.915
105118,40.965
105142,28.54
105161,48.04
105191,42.67
105196,1.055
105197,9.035
105218,26.07
105222,71.54
105225,5.23
105227,18.38
105274,183.885
105277,4.355
105278,4.565
105314,162.575
105316,1.125
105318,1.075
105336,22.805
105337,1.015
105345,23.205
105348,26.035
105349,71.18
105359,13.28
105361,9.75
105362,4.31
105363,5.995
105366,8.635
105367,1.205
105392,77.46
105401,7.96
105404,75.92
105406,10.94
105409,3.24
105411,54.77
105412,21.18
105413,1.02
105423,11.8
105437,88.62
105439,1.43
105440,4.265
105441,1.065
105444,9.365
105467,5.31
105471,56.485
105477,27.79
105478,1.08
105496,30.53
105497,4.45
105528,93.89
105545,37.35
105546,1.02
105563,44.46
105568,42.755
105590,49.68
105595,17.37
105609,1.16
105610,1.775
105615,4.045
105616,1.03
105621,38.895
105651,72.945
105680,348.56
105686,4.665
105687,29.115
105688,8.405
105689,4.665
105705,9.015
105707,1.02
105725,7.905
105780,36.735
105781,1.35
105784,1.13
105785,7.845
105798,1.305
105799,52.45
105800,1.005
105827,32.5
105834,93.175
105835,16.035
105840,20.775
105849,12.53
105851,18.385
105871,12.525
105901,150.68
105902,5.47
105906,5.055
105912,1.105
105914,1.135
105923,15.705
105925,132.375
105926,1.01
105927,1.04
105955,10.375
105961,1.83
105966,1.07
105967,1.055
105970,5.125
105972,6.255
105974,1.0
105979,1.29
105980,12.71
105990,33.775
105997,11.68
105998,1.035
105999,8.17
106000,1.08
106011,41.695
106037,83.15
106050,82.15
106051,1.135
106052,1.02
106054,10.56
106055,1.7
106056,1.05
106102,48.35
106111,5.56
106116,11.765
106121,1.75
106126,41.88
106138,1.145
106139,4.94
106164,310.22
106176,152.97
106179,1.025
106202,20.71
106203,1.14
106205,4.86
106223,13.915
106224,16.495
106228,3.83
106232,1.06
106234,21.98
106244,1.07
106245,1.085
106274,350.73
106292,97.935
106296,1.015
106301,1.04
106303,4.38
106304,1.41
106331,57.37
106338,14.45
106339,1.055
106340,1.075
106350,8.88
106353,8.94
106355,1.355
106377,1.47
106387,102.375
106392,1.345
106397,32.065
106399,1.35
106400,61.425
106409,8.68
106412,1.31
106413,1.44
106414,1.125
106415,8.785
106497,424.29
106501,23.82
106523,54.855
106537,69.96
106546,43.955
106611,123.115
106619,1.205
106635,25.725
106636,1.265
106637,1.0
106638,1.145
106639,12.44
106642,1.02
106644,4.6
106651,1.08
106652,1.12
106685,117.91
106688,1.215
106690,4.545
106698,1.58
106701,4.91
106703,13.01
106704,1.02
106709,4.05
106710,1.1
106712,1.035
106717,1.54
106721,32.87
106740,1.19
106763,212.16
106765,1.05
106774,57.01
106776,5.115
106777,5.635
106780,1.025
106785,1.615
106786,40.895
106794,101.76
106833,10.33
106835,1.045
106837,1.095
106844,1.145
106846,1.07
106849,6.115
106851,8.925
106865,72.79
106866,5.14
106867,1.005
106869,1.04
106870,1.25
106875,27.62
106880,9.475
106881,7.43
106882,42.355
106883,1.24
106884,1.14
106885,1.035
106886,1.01
106888,5.225
106893,100.86
106894,5.17
106913,77.775
106916,43.185
106918,12.465
106921,1.03
106934,7.565
106935,1.015
106945,183.515
106949,20.915
106951,25.785
106952,16.215
106954,1.2
106964,93.46
106974,24.645
107002,106.51
107004,41.22
107005,1.05
107009,1.145
107011,1.06
107019,1.04
107020,1.01
107023,47.535
107024,1.08
107025,1.075
107026,1.05
107027,1.03
107028,77.735
107032,10.305
107033,1.01
107034,1.23
107035,2.135
107036,2.065
107037,1.11
107040,4.615
107042,1.275
107049,1.075
107050,1.085
107056,85.9
107057,1.16
107060,1.065
107093,1.34
107097,20.325
107104,132.38
107121,66.33
107124,24.875
107130,11.36
107134,1.055
107136,9.125
107140,5.42
107141,1.115
107152,25.715
107159,8.155
107161,1.05
107162,5.375
107163,8.98
107166,1.055
107194,135.11
107195,1.04
107198,4.835
107202,1.045
107216,5.72
107236,44.455
107246,5.75
107251,16.65
107253,22.39
107254,1.05
107255,1.08
107257,4.915
107274,61.145
107290,25.205
107297,5.055
107306,1.72
107308,6.985
107309,8.61
107317,17.535
107324,36.895
107340,106.395
107343,4.895
107344,29.29
107351,8.895
107352,1.04
107353,8.935
107363,1.075
107365,109.475
107397,78.575
107436,85.155
107466,2.63
107467,1.01
107534,105.075
107540,5.085
107542,14.05
107546,39.78
107547,1.115
107581,82.035
107588,45.195
107597,69.405
107601,5.5
107608,18.46
107618,4.93
107619,58.405
107622,92.27
107633,11.71
107636,13.245
107645,23.41
107646,4.15
107647,3.61
107656,70.95
107657,130.305
107658,1.19
107671,6.09
107678,9.355
107679,1.425
107694,1.25
107701,1.25
107702,1.03
107703,1.05
107705,1.01
107706,1.075
107711,70.52
107713,5.275
107714,4.56
107715,9.255
107716,1.005
107717,18.335
107720,1.205
107724,11.075
107731,1.07
107733,1.04
107757,124.21
107759,11.735
107761,1.095
107762,1.1
107766,12.09
107770,8.995
107771,1.015
107772,1.475
107773,14.33
107784,1.075
107790,17.0
107791,37.43
107797,42.35
107805,4.4
107807,21.095
107808,1.04
107812,11.44
107829,71.525
107830,67.54
107846,124.13
107852,79.585
107877,361.55
107879,4.995
107882,1.475
107883,5.23
107884,49.265
107885,5.02
107888,1.02
107933,68.56
107955,23.15
107988,10.12
107989,1.255
107993,1.31
107994,1.485
108054,132.97
108062,129.255
108090,274.07
108094,9.26
108098,4.65
108099,1.095
108104,5.7
108105,1.07
108108,4.825
108109,1.05
108112,1.03
108113,1.04
108126,5.14
108139,1.295
108140,1.025
108141,4.61
108143,3.965
108148,1.25
108151,1.055
108153,1.1
108155,1.05
108156,1.76
108160,1.36
108170,6.32
108174,1.06
108175,1.03
108178,1.065
108181,38.72
108182,1.025
108183,1.015
108188,19.1
108189,1.435
108190,1.025
108191,30.77
108193,4.15
108201,1.15
108203,10.67
108204,1.08
108207,153.625
108210,155.445
108211,4.665
108212,1.1
108213,1.05
108248,179.215
108261,48.345
108270,4.455
108279,63.62
108283,13.545
108287,31.63
108288,1.015
108289,1.055
108291,1.015
108294,1.055
108302,10.435
108304,1.015
108309,1.125
108310,1.04
108329,5.445
108330,16.065
108342,7.49
108345,10.39
108363,20.605
108366,8.695
108376,13.37
108392,168.0
108393,1.235
108395,26.6
108396,29.775
108397,13.875
108405,145.67
108406,11.78
108407,1.03
108408,1.005
108409,10.51
108418,35.66
108419,1.11
108423,8.75
108424,5.01
108428,1.045
108437,17.815
108445,1.375
108446,15.795
108447,5.23
108450,8.82
108453,1.045
108456,1.09
108482,74.6
108484,1.015
108486,1.65
108487,1.02
108488,1.225
108494,12.465
108495,1.06
108500,1.02
108502,1.02
108535,13.0
108537,35.12
108539,1.06
108545,44.475
108547,4.105
108548,1.005
108604,128.905
108608,41.66
108610,1.05
108612,1.025
108626,67.86
108653,8.57
108712,23.24
108722,112.135
108733,1.19
108734,4.095
108737,136.2
108753,12.905
108754,53.065
108762,13.895
108766,1.05
108769,14.78
108770,1.655
108771,4.885
108776,3.61
108780,17.075
108784,52.09
108785,1.255
108818,116.68
108820,77.475
108823,1.1
108825,1.015
108826,1.005
108850,81.395
108856,1.04
108874,14.11
108877,1.01
108878,4.235
108883,41.275
108900,20.895
108906,36.47
108917,7.67
108918,1.24
108929,19.255
108930,8.305
108944,46.815
108945,1.075
108946,22.77
108947,1.045
108950,1.06
108951,1.395
108953,5.665
108958,114.905
108989,5.245
108990,1.015
108991,1.08
108992,1.01
109000,76.12
109007,32.135
109009,1.09
109016,28.36
109025,125.62
109036,34.49
109037,1.02
109040,1.05
109042,3.64
109043,1.045
109051,22.245
109053,4.61
109055,5.035
109056,107.565
109072,53.815
109084,121.73
109090,10.235
109095,9.93
109101,12.65
109103,1.145
109104,1.02
109105,1.025
109106,7.625
109107,1.08
109109,18.785
109111,1.115
109118,6.575
109146,132.85
109153,108.73
109154,1.05
109159,1.785
109162,1.15
109164,1.96
109192,8.5
109196,1.04
109204,6.515
109216,8.3
109217,1.075
109229,6.035
109251,11.405
109257,47.13
109267,50.905
109268,14.55
109270,1.04
109272,4.575
109286,12.29
109317,130.75
109320,1.05
109321,1.025
109330,162.665
109331,1.065
109332,15.685
109333,8.69
109334,1.005
109337,28.11
109338,1.09
109339,1.1
109340,4.53
109341,1.0
109363,169.775
109365,1.04
109367,1.215
109369,32.785
109370,110.295
109371,1.125
109373,1.035
109375,136.11
109378,5.585
109379,1.725
109385,33.81
109386,88.425
109415,38.835
109416,1.045
109418,1.02
109420,76.33
109432,119.385
109439,7.24
109463,3.24
109464,1.135
109465,1.03
109469,1.07
109507,50.63
109509,229.755
109510,1.07
109513,9.84
109515,5.99
109516,1.045
109518,1.025
109534,18.085
109536,18.18
109544,10.01
109545,1.065
109546,1.04
109547,15.585
109550,1.05
109551,31.1
109562,52.05
109564,1.02
109565,1.04
109580,94.61
109581,1.06
109585,1.06
109593,9.145
109600,5.64
109602,11.37
109603,1.33
109604,6.345
109605,1.125
109606,1.01
109618,1.22
109619,4.835
109670,221.165
109671,5.985
109672,4.85
109678,14.175
109679,1.465
109681,5.45
109683,1.03
109685,1.065
109686,1.705
109687,1.005
109688,1.05
109693,1.345
109695,12.575
109696,1.0
109697,52.855
109699,4.04
109701,28.185
109707,1.04
109712,7.835
109732,110.74
109733,142.215
109736,1.05
109748,19.615
109749,1.04
109770,60.145
109771,1.28
109778,16.525
109780,1.25
109781,1.015
109785,85.405
109791,1.1
109792,1.015
109793,1.015
109795,1.03
109796,1.025
109819,146.65
109820,1.065
109822,1.125
109827,5.325
109830,1.135
109834,17.79
109835,1.84
109843,12.215
109847,1.055
109894,25.43
109896,8.135
109907,5.29
109908,1.015
109912,13.315
109942,84.39
109944,1.05
109949,1.065
109951,1.16
109952,1.035
109953,8.215
109976,5.885
109997,21.045
109999,1.03
110003,1.01
110004,1.17
110006,1.105
110012,5.56
110015,5.02
110043,107.815
110055,12.945
110064,8.675
110210,77.385
110211,42.28
110212,1.11
110219,175.575
110223,33.64
110238,22.18
110239,1.18
110248,14.565
110249,35.685
110257,28.715
110259,19.595
110260,1.005
110293,51.7
110295,1.06
110296,1.035
110297,1.165
110299,3.81
110300,1.02
110303,1.035
110304,5.495
110319,68.01
110325,31.445
110327,1.145
110333,5.56
110334,3.3
110335,12.22
110341,37.665
110343,1.07
110356,41.475
110358,1.01
110360,10.425
110363,13.21
110364,4.905
110365,1.03
110367,1.03
110369,1.305
110370,1.06
110385,1.09
110387,1.095
110392,15.36
110393,4.365
110402,147.04
110403,1.08
110411,5.15
110412,7.195
110413,3.125
110422,4.9
110423,259.88
110424,1.015
110425,5.845
110427,5.415
110431,10.375
110432,1.025
110455,86.72
110456,1.135
110459,66.055
110461,4.76
110464,1.27
110470,1.05
110473,69.8
110481,30.52
110484,1.15
110486,1.12
110487,13.785
110499,1.205
110505,1.83
110506,5.665
110519,38.14
110520,1.01
110523,3.46
110529,3.945
110535,1.08
110536,12.655
110538,1.04
110539,1.08
110541,1.06
110542,1.17
110544,1.05
110546,1.04
110547,1.025
110557,4.8
110559,42.59
110570,45.015
110571,1.09
110572,1.025
110577,22.255
110583,1.105
110586,5.39
110587,12.53
110588,9.545
110589,1.03
110590,5.485
110592,1.12
110593,1.015
110596,26.015
110597,1.06
110601,19.55
110602,1.055
110603,1.025
110608,76.38
110609,1.11
110618,5.86
110619,1.015
110620,2.74
110621,5.09
110623,1.03
110624,4.64
110626,1.035
110631,1.015
110632,17.595
110634,117.475
110635,4.93
110644,28.865
110648,24.375
110649,1.005
110650,4.625
110670,22.51
110672,12.605
110679,50.115
110681,1.125
110682,3.945
110683,1.01
110685,1.425
110690,1.12
110691,1.02
110704,27.855
110711,124.535
110713,1.065
110715,1.015
110739,154.77
110740,6.085
110741,1.14
110742,4.925
110743,1.11
110747,7.195
110749,5.58
110750,14.655
110751,23.37
110752,1.17
110755,4.53
110756,1.08
110758,8.15
110773,8.93
110787,53.5
110788,9.855
110789,4.565
110790,8.36
110795,14.22
110796,7.455
110797,1.01
110798,1.65
110799,12.225
110812,1.9
110817,9.11
110902,353.355
110923,127.13
110931,73.605
110937,107.69
110939,10.94
110940,1.015
110942,16.165
110955,97.275
110974,49.475
110975,1.23
110976,113.35
110994,160.125
111014,5.625
111015,3.47
111016,1.02
111046,91.88
111072,39.585
111082,85.035
111161,530.31
111165,28.13
111181,49.555
111194,100.36
111211,248.04
111223,218.355
111232,5.36
111244,20.31
111271,197.525
111278,141.665
111303,288.025
111385,260.48
111388,1.08
111396,65.205
111407,32.585
111411,26.17
111412,165.59
111417,1.135
111418,1.04
111419,1.015
111420,4.6
111423,1.02
111496,83.75
111497,41.78
111500,189.145
111533,57.72
111539,14.49
111557,36.61
111560,1.14
111562,1.025
111563,1.05
111565,8.54
111569,42.565
111570,1.075
111572,8.97
111580,67.525
111584,4.27
111596,83.365
111600,198.29
111601,1.02
111607,1.125
111615,24.33
111616,5.815
111617,4.635
111620,1.01
111622,5.15
111630,11.9
111631,1.085
111635,1.035
111639,173.655
111640,1.05
111641,1.07
111642,1.03
111654,1.12
111655,4.515
111660,168.575
111665,29.295
111681,46.89
111683,9.53
111685,29.46
111686,1.035
111687,1.05
111688,77.925
111709,329.835
111711,26.095
111723,123.885
111729,13.145
111732,1.085
111786,33.52
111788,6.55
111789,1.205
111790,5.465
111794,1.115
111797,15.79
111802,1.255
111828,100.92
111829,1.265
111832,1.16
111875,34.51
111877,1.095
111884,1.27
111887,35.505
111890,1.03
111908,292.765
111913,127.295
111916,1.105
111919,1.005
111931,3.8
111932,5.605
111933,21.225
111935,1.03
111936,1.02
111937,8.475
111938,1.2
111942,141.515
111943,64.955
111945,1.03
111957,172.715
111958,4.475
111967,29.455
111968,1.005
111970,5.42
111983,2.17
111984,1.18
111986,1.105
111993,4.08
111994,51.52
111996,19.4
111999,14.85
112041,72.525
112059,14.78
112060,61.91
112061,1.005
112069,60.39
112070,20.215
112071,1.23
112073,9.215
112075,5.865
112082,1.62
112085,49.365
112086,1.06
112087,1.06
112091,9.17
112094,1.065
112097,7.675
112098,4.335
112125,92.14
112157,175.84
112158,8.32
112159,1.015
112160,5.375
112163,19.935
112172,53.975
112173,1.045
112174,4.505
112180,1.08
112181,1.09
112183,11.375
112184,1.065
112191,1.115
112217,185.905
112218,5.045
112221,70.4
112222,1.02
112242,54.93
112243,5.36
112256,5.085
112258,1.05
112260,5.725
112264,1.04
112265,1.075
112266,1.055
112272,27.38
112273,1.34
112293,18.755
112297,1.135
112299,1.04
112304,1.03
112312,1.46
112343,94.275
112344,39.51
112347,53.375
112362,19.49
112363,5.49
112365,1.01
112367,1.045
112371,25.055
112372,1.045
112379,1.02
112383,37.33
112384,1.095
112385,1.025
112386,4.005
112390,1.085
112393,23.695
112410,19.89
112418,24.66
112419,4.955
112423,4.235
112424,1.115
112425,1.04
112427,8.815
112428,5.54
112430,13.31
112431,1.165
112435,1.01
112453,86.17
112476,244.305
112479,14.15
112485,1.865
112486,110.7
112490,8.57
112491,1.02
112498,1.185
112499,2.12
112500,79.77
112509,1.045
112527,86.455
112528,1.01
112529,9.59
112605,115.79
112606,1.045
112609,49.025
112612,61.765
112613,1.05
112615,27.85
112628,1.235
112631,1.275
112632,1.005
112634,12.755
112635,1.1
112638,15.41
112640,1.195
112641,1.01
112650,25.32
112695,229.14
112696,30.63
112697,1.09
112705,55.51
112711,25.365
112715,10.04
112717,1.355
112719,1.06
112720,8.03
112725,37.455
112727,19.285
112734,1.21
112737,1.15
112747,35.195
112750,66.035
112751,9.41
112756,61.25
112779,89.31
112814,46.475
112833,3.42
112848,272.835
112849,8.57
112850,1.015
112868,147.24
112873,1.68
112886,86.51
112903,5.425
112904,1.02
112912,31.9
112916,10.835
112937,9.615
112945,1.08
112950,11.5
112956,1.07
112957,1.025
112972,146.83
112973,16.72
112976,1.055
112982,6.26
112983,20.275
112989,66.915
113004,31.945
113007,1.025
113008,1.13
113009,1.06
113013,10.975
113039,45.84
113041,23.38
113042,29.63
113046,1.31
113049,40.215
113053,63.92
113054,23.21
113057,1.05
113079,55.355
113081,32.09
113082,1.645
113084,32.48
113086,12.525
113087,5.065
113138,152.88
113172,14.355
113178,41.955
113210,177.355
113213,7.055
113222,19.76
113223,1.225
113238,39.53
113244,1.305
113245,1.1
113246,4.935
113250,42.235
113251,1.01
113252,4.455
113253,1.1
113254,115.485
113260,38.59
113277,38.985
113283,38.04
113287,2.275
113288,1.025
113298,14.005
113306,17.49
113308,5.255
113309,3.03
113310,8.525
113335,9.135
113336,25.42
113386,6.33
113390,264.64
113401,59.295
113419,11.525
113426,16.865
113429,1.035
113430,1.01
113431,1.04
113434,222.83
113446,83.04
113481,81.745
113483,12.985
113485,1.055
113490,1.355
113528,68.855
113529,1.08
113555,100.385
113556,1.035
113558,1.005
113591,179.07
113592,1.03
113594,5.1
113622,36.585
113652,5.485
113663,371.77
113665,5.615
113666,1.26
113667,9.755
113686,72.66
113689,1.025
113690,7.875
113702,36.185
113703,9.21
113711,11.975
113717,1.175
113718,1.015
113719,1.055
113723,1.21
113726,113.895
113728,28.795
113737,40.2
113751,19.045
113753,30.345
113759,1.105
113773,9.7
113774,1.175
113780,15.65
113781,4.54
113825,154.83
113826,1.165
113867,25.485
113868,8.665
113870,1.045
113874,1.58
113879,1.21
113895,1.43
113898,1.085
113901,19.515
113903,4.435
113905,5.72
113910,1.055
113912,1.015
113916,7.61
113964,37.73
113976,50.395
114015,44.435
114017,1.045
114018,1.03
114095,294.855
114097,1.15
114098,1.02
114111,26.14
114112,1.595
114114,1.1
114115,10.255
114116,5.99
114117,1.015
114118,1.08
114119,9.565
114120,1.07
114124,5.59
114125,1.11
114126,5.485
114128,1.05
114132,1.035
114134,1.04
114140,78.915
114148,47.89
114151,4.525
114152,1.22
114154,12.585
114157,1.04
114160,1.215
114161,1.375
114183,2.04
114187,35.885
114190,23.55
114192,4.845
114208,15.625
114249,229.525
114250,1.055
114255,16.935
114265,21.975
114281,37.175
114283,1.16
114284,1.285
114289,25.285
114352,361.145
114365,21.025
114377,66.395
114379,1.11
114380,27.35
114402,10.665
114426,130.86
114430,31.105
114433,1.115
114435,5.655
114436,1.125
114464,100.645
114471,55.41
114472,1.08
114473,1.115
114474,8.19
114482,4.405
114483,8.45
114497,38.325
114500,15.975
114502,1.05
114509,15.995
114530,248.37
114532,1.05
114533,21.015
114535,12.0
114537,26.57
114539,141.69
114543,18.85
114576,59.38
114579,1.06
114586,4.865
114604,20.17
114605,5.36
114606,1.045
114611,1.735
114614,1.09
114618,5.015
114621,1.05
114622,4.115
114623,5.05
114624,1.075
114625,1.085
114626,1.065
114627,1.145
114631,1.06
114632,22.215
114635,19.54
114642,33.98
114645,87.405
114648,12.905
114650,1.02
114677,36.0
114678,10.22
114679,1.09
114709,17.77
114715,78.685
114719,37.995
114742,59.76
114749,2.095
114751,8.58
114758,54.57
114761,1.19
114762,122.905
114785,55.2
114789,30.08
114790,5.245
114795,21.74
114796,4.025
114804,276.42
114805,1.025
114806,9.63
114807,1.07
114808,1.055
114809,1.015
114812,39.165
114813,1.03
114814,20.71
114815,1.08
114817,15.005
114818,1.015
114819,5.355
114820,8.18
114844,16.41
114848,11.435
114850,1.11
114851,1.03
114854,11.385
114860,5.17
114865,123.57
114867,152.85
114869,7.905
114871,9.005
114880,1.07
114959,312.29
114965,20.42
114967,9.715
114970,1.2
114971,12.435
114972,1.245
114977,43.925
114979,1.055
114982,24.44
114994,36.37
114995,1.05
115003,74.19
115004,1.445
115005,62.33
115007,7.175
115008,1.025
115009,1.075
115012,1.345
115016,1.05
115017,1.02
115020,1.05
115021,10.91
115062,180.48
115063,57.66
115065,1.015
115076,291.645
115084,20.03
115086,1.1
115123,53.61
115124,1.04
115125,1.015
115137,36.535
115138,24.525
115140,6.875
115141,1.06
115142,5.185
115143,13.495
115144,8.635
115209,355.31
115210,1.035
115211,1.025
115213,1.165
115214,1.08
115215,1.115
115217,6.185
115218,3.685
115221,2.06
115231,46.625
115235,3.545
115240,5.485
115242,1.03
115248,9.03
115249,21.49
115255,49.6
115257,1.11
115259,1.065
115260,184.255
115267,227.57
115270,1.02
115271,1.1
115281,92.275
115283,3.39
115301,9.195
115310,1.175
115313,6.85
115314,1.035
115326,10.545
115327,1.78
115328,8.96
115330,1.055
115331,8.985
115335,21.145
115336,1.015
115337,2.145
115344,11.625
115345,1.015
115347,3.03
115348,5.745
115351,1.14
115353,4.475
115354,1.065
115356,12.39
115361,5.105
115363,1.1
115420,20.545
115421,119.65
115425,74.005
115433,1.075
115436,1.035
115438,1.02
115439,17.15
115440,1.105
115459,4.595
115463,8.985
115464,1.29
115480,303.79
115491,40.91
115497,23.16
115501,10.64
115502,28.09
115510,173.925
115518,1.41
115519,1.01
115531,19.35
115532,4.77
115537,4.51
115543,218.35
115544,1.025
115545,1.01
115550,11.875
115552,20.725
115553,8.555
115556,1.365
115557,1.075
115558,1.055
115560,1.285
115563,5.2
115607,439.7
115666,98.82
115667,4.84
115670,1.205
115672,65.43
115675,47.4
115676,1.01
115678,1.095
115684,59.87
115700,63.075
115701,1.075
115707,8.9
115709,1.03
115710,2.05
115711,1.67
115717,17.775
115731,9.05
115732,1.045
115733,1.02
115740,1.075
115741,1.01
115742,12.13
115744,1.075
115745,4.59
115753,1.1
115774,72.24
115775,8.76
115784,21.635
115785,1.02
115786,10.67
115788,1.085
115795,57.285
115796,97.835
115900,398.75
115902,16.61
115961,25.54
115963,45.805
115964,1.0
115965,1.015
115966,1.11
115975,69.77
115980,1.205
115986,45.425
115987,1.015
115988,1.1
115992,16.855
116004,86.555
116007,5.235
116017,140.845
116018,1.18
116046,48.2
116047,1.03
116048,1.375
116049,1.18
116054,55.36
116069,1.29
116071,28.835
116078,9.44
116079,1.095
116126,222.81
116127,4.505
116128,7.175
116129,1.18
116135,8.815
116146,207.285
116173,45.795
116174,1.02
116178,1.025
116179,1.085
116180,1.02
116191,219.015
116193,1.055
116194,15.545
116208,5.095
116209,26.865
116210,7.79
116211,1.0
116214,9.175
116215,1.04
116216,1.16
116218,1.235
116221,1.085
116228,1.18
116230,1.18
116231,1.01
116284,271.94
116319,119.84
116322,1.12
116328,11.585
116330,46.1
116331,5.485
116337,182.985
116338,1.625
116339,1.045
116343,1.19
116348,1.17
116366,145.37
116367,1.04
116380,226.305
116385,16.625
116397,21.4
116398,1.02
116399,1.06
116404,77.81
116453,15.76
116454,1.02
116455,1.19
116478,11.98
116486,12.82
116487,1.03
116488,98.15
116489,1.02
116498,51.535
116514,83.92
116515,1.05
116516,1.05
116518,4.215
116519,1.025
116545,38.23
116567,91.32
116576,1.355
116579,6.465
116583,4.505
116603,8.855
116605,1.135
116658,292.83
116665,1.23
116666,1.24
116680,8.37
116683,1.25
116685,20.535
116697,42.43
116698,1.03
116700,1.035
116710,1.095
116711,1.055
116720,4.355
116722,54.76
116724,27.58
116725,4.83
116728,1.105
116737,9.55
116738,1.02
116742,15.905
116754,1.28
116756,8.57
116757,1.07
116758,95.695
116780,91.8
116782,5.095
116784,14.485
116800,7.725
116805,8.73
116806,1.085
116813,5.49
116846,286.29
116850,22.12
116851,1.025
116852,1.075
116865,156.285
116866,7.235
116869,4.355
116874,10.28
116876,1.115
116880,13.7
116881,47.2
116883,13.08
116885,48.41
116886,1.45
116893,59.305
116894,18.82
116895,10.6
116901,53.275
116902,1.015
116909,18.81
116915,120.875
116919,3.065
116941,10.68
116947,134.345
116949,1.18
116957,4.4
116959,24.73
116961,14.435
116962,1.065
116969,5.01
116971,13.19
116972,12.615
116973,98.25
116974,1.05
116975,5.315
116976,1.965
116978,1.035
116980,1.08
116983,44.79
116987,1.075
116988,1.11
117004,11.615
117005,44.145
117006,5.815
117012,28.255
117018,24.405
117019,26.005
117051,96.88
117053,1.03
117054,1.105
117063,3.59
117071,41.395
117076,1.245
117085,104.0
117090,27.25
117094,15.485
117097,7.05
117121,14.34
117135,78.33
117140,144.79
117161,8.11
117163,1.005
117169,1.145
117170,24.47
117171,1.01
117172,1.06
117174,63.25
117175,38.37
117176,17.145
117184,9.1
117255,124.85
117259,33.435
117262,8.795
117288,118.445
117289,13.91
117290,1.01
117291,4.72
117297,1.61
117298,1.06
117306,1.115
117307,5.855
117308,1.015
117311,1.055
117350,484.805
117351,9.27
117352,13.15
117355,40.595
117356,1.05
117359,1.065
117362,4.835
117363,1.015
117370,25.775
117372,1.17
117377,47.485
117378,1.225
117379,5.09
117383,11.655
117384,49.76
117386,10.76
117387,1.185
117394,27.435
117395,1.02
117396,1.02
117419,5.405
117422,4.235
117441,156.93
117442,1.045
117443,63.13
117444,1.045
117446,1.015
117451,5.4
117455,5.445
117456,1.03
117464,1.515
117466,1.09
117472,1.12
117473,1.015
117478,6.15
117480,1.11
117493,11.24
117498,1.07
117523,1.4
117579,335.135
117580,7.52
117615,222.97
117616,81.51
117627,94.495
117632,28.77
117676,99.735
117678,37.465
117690,106.385
117734,171.01
117751,37.405
117773,99.71
117774,1.055
117775,6.815
117778,91.785
117779,4.64
117780,1.43
117782,1.44
117784,13.085
117785,8.36
117786,13.615
117788,29.61
117789,8.735
117811,79.345
117812,1.035
117813,1.025
117814,1.24
117816,17.69
117817,1.105
117818,1.015
117830,30.41
117831,1.025
117832,6.08
117837,1.045
117849,86.225
117863,49.49
117867,40.84
117953,138.495
117965,1.085
117969,4.935
117971,15.72
117973,1.115
117986,32.565
117988,15.61
117989,4.345
117993,19.95
117994,8.31
118004,20.34
118007,1.365
118013,212.835
118014,1.045
118022,28.92
118024,1.015
118025,1.03
118027,1.015
118028,27.975
118030,5.73
118039,63.14
118040,1.075
118058,25.49
118065,1.795
118067,1.015
118068,22.91
118076,29.595
118079,1.065
118103,186.785
118116,1.875
118119,1.055
118133,154.66
118134,16.9
118136,8.99
118142,89.19
118143,2.025
118146,1.095
118148,1.12
118163,76.035
118170,181.6
118173,3.655
118174,66.64
118179,45.25
118182,9.08
118184,3.895
118193,12.31
118211,26.645
118261,142.745
118280,121.835
118286,1.125
118306,1.28
118307,5.385
118308,3.915
118310,1.005
118311,3.86
118312,42.675
118320,1.06
118325,29.875
118326,1.095
118328,10.265
118331,13.91
118341,140.335
118342,29.88
118344,48.135
118346,8.22
118349,1.27
118359,14.885
118377,40.59
118378,1.06
118379,1.115
118384,1.095
118393,28.63
118396,68.7
118403,1.235
118404,1.01
118406,1.01
118407,11.63
118408,5.265
118420,5.03
118425,12.665
118429,7.485
118437,179.43
118438,15.6
118439,1.055
118452,5.615
118468,39.76
118469,5.295
118478,12.965
118480,4.25
118483,1.05
118487,12.94
118488,5.12
118493,5.005
118494,1.01
118510,11.295
118513,1.16
118516,23.0
118519,32.175
118520,1.69
118549,29.46
118558,5.355
118559,1.07
118561,4.915
118568,1.19
118573,22.165
118578,1.61
118579,1.095
118580,1.025
118583,1.06
118584,1.105
118630,41.75
118631,1.01
118633,1.23
118637,14.595
118638,15.175
118639,1.175
118641,1.07
118643,4.505
118645,11.67
118654,5.29
118655,1.06
118675,4.245
118690,37.61
118693,1.255
118743,36.0
118749,11.57
118760,57.25
118762,1.39
118763,9.275
118766,5.305
118769,13.37
118770,1.075
118779,89.535
118800,105.51
118835,216.075
118859,72.295
118860,8.38
118871,1.535
118896,149.02
118898,1.275
118912,66.38
118929,212.58
118930,15.12
118937,1.375
118938,1.025
118940,8.17
118942,140.91
118943,1.215
118945,8.935
118947,1.045
118948,1.06
118949,1.025
118950,1.13
118952,1.05
118958,5.91
118966,8.295
118980,71.56
118981,1.08
118982,1.095
118984,9.18
119007,255.99
119015,5.61
119031,114.7
119032,1.03
119041,15.78
119042,34.4
119047,7.365
119048,1.11
119083,50.19
119086,1.295
119087,1.465
119089,1.13
119091,1.02
119093,1.365
119094,8.735
119095,1.0
119097,5.95
119099,16.58
119100,1.1
119101,11.2
119102,1.585
119107,4.775
119110,5.485
119135,33.34
119136,1.07
119145,83.845
119146,5.36
119149,1.125
119150,1.06
119151,1.025
119153,13.045
119154,1.005
119158,1.18
119159,1.025
119162,6.63
119163,1.005
119164,4.595
119178,191.7
119179,4.625
119180,1.005
119181,8.165
119185,21.305
119186,5.14
119190,15.405
119195,9.51
119197,1.06
119198,4.765
119210,42.69
119213,9.04
119215,27.545
119216,7.185
119217,18.945
119219,1.015
119220,1.215
119231,117.98
119236,8.095
119253,250.13
119254,1.175
119266,1.095
119270,43.59
119273,11.935
119286,1.705
119317,43.875
119319,1.36
119324,4.45
119326,15.67
119359,1.445
119360,9.77
119364,5.02
119365,1.23
119368,1.025
119370,1.455
119372,1.035
119373,5.165
119374,9.445
119392,28.745
119395,221.755
119410,1.27
119411,1.26
119412,69.185
119413,54.31
119416,142.13
119420,1.055
119421,5.045
119423,5.3
119424,1.015
119434,36.965
119436,12.49
119448,1.145
119449,66.44
119452,4.835
119453,1.01
119457,26.545
119458,1.02
119462,10.55
119480,89.315
119515,304.595
119518,1.095
119523,1.16
119528,33.375
119533,1.345
119534,1.26
119535,13.68
119539,4.215
119543,51.7
119546,5.095
119548,1.02
119558,1.23
119569,1.445
119581,20.265
119582,1.05
119585,4.055
119591,182.21
119593,7.95
119594,3.525
119600,8.16
119604,4.825
119615,48.025
119616,1.375
119617,1.035
119618,1.02
119619,1.055
119620,1.04
119622,1.025
119623,1.035
119664,250.14
119665,1.045
119667,8.245
119668,1.11
119669,1.12
119671,1.05
119678,13.63
119681,1.02
119683,14.07
119697,129.05
119702,48.415
119709,1.13
119711,1.115
119714,1.165
119719,5.535
119739,18.29
119745,39.835
119748,86.56
119757,1.085
119758,1.04
119762,8.79
119764,1.11
119766,1.085
119779,18.035
119780,4.95
119786,38.715
119790,5.615
119792,1.21
119794,1.045
119797,17.98
119804,1.365
119833,11.67
119843,11.595
119844,1.0
119847,55.565
119863,5.22
119864,1.235
119867,137.695
119869,1.125
119873,12.305
119906,33.015
119907,4.65
119908,1.075
119919,170.435
119952,45.105
119958,1.17
119959,1.065
119960,1.285
119969,34.27
119973,1.025
119975,4.37
119977,15.3
119978,68.51
119998,17.94
119999,1.005
120000,31.5
120012,21.1
120017,1.255
120019,1.125
120021,11.955
120022,1.05
120029,17.465
120030,1.05
120032,8.875
120034,1.115
120050,111.35
120051,1.125
120052,1.065
120055,54.995
120091,86.99
120094,1.045
120095,36.055
120103,27.88
120106,1.74
120112,6.055
120122,36.125
120125,35.375
120149,105.545
120154,16.355
120156,20.36
120157,1.035
120161,5.535
120163,1.065
120166,1.19
120167,1.36
120169,1.085
120170,1.035
120174,20.305
120177,18.035
120178,1.36
120185,1.505
120187,1.41
120188,12.2
120199,255.64
120205,1.165
120206,3.85
120207,1.005
120249,51.565
120252,1.04
120254,1.06
120257,44.79
120290,33.11
120292,7.63
120294,1.045
120295,1.01
120321,51.01
120335,67.195
120336,7.965
120338,1.04
120339,4.86
120425,338.645
120437,30.055
120438,7.485
120443,28.335
120454,168.165
120459,1.105
120460,22.47
120463,1.18
120464,5.05
120476,183.51
120482,45.75
120491,1.105
120494,9.625
120507,126.075
120508,1.01
120522,1.36
120525,6.045
120527,4.59
120556,123.735
120557,17.84
120558,19.8
120559,1.075
120586,5.82
120588,1.09
120599,28.025
120603,1.06
120604,1.05
120609,18.725
120618,413.37
120619,1.025
120622,5.245
120624,5.42
120626,59.72
120629,22.59
120630,1.005
120631,1.18
120646,118.255
120647,1.15
120678,217.595
120679,1.02
120682,1.075
120689,1.16
120697,13.665
120698,1.025
120704,43.335
120705,18.115
120732,29.51
120747,82.07
120748,1.015
120750,1.035
120761,79.43
120762,1.065
120773,1.065
120774,100.37
120779,1.03
120783,1.085
120791,1.045
120792,10.05
120793,4.35
120794,1.05
120795,23.58
120798,15.635
120799,1.015
120800,1.015
120802,1.07
120804,1.045
120805,1.01
120809,13.85
120810,1.155
120822,1.105
120832,1.14
120833,1.06
120834,1.01
120835,1.04
120839,1.09
120840,1.075
120842,5.14
120849,21.695
120851,66.435
120859,1.205
120865,1.355
120884,1.25
120894,37.365
120911,46.875
120926,70.305
120927,1.035
120929,39.895
120947,61.365
120951,5.295
120953,16.175
120959,100.225
120960,1.035
120961,5.775
120989,167.42
120992,16.19
120993,1.16
120994,1.04
120995,1.055
120996,1.01
120998,14.46
121002,8.315
121003,1.335
121026,293.91
121030,3.995
121031,1.015
121037,94.165
121039,26.27
121041,1.125
121052,17.935
121054,5.335
121071,47.525
121073,73.33
121075,1.07
121076,4.44
121081,14.035
121100,9.655
121103,1.105
121112,45.25
121118,153.795
121131,88.095
121133,37.65
121140,8.575
121147,5.565
121149,1.02
121150,1.015
121151,1.06
121181,215.97
121182,1.045
121189,1.085
121190,19.905
121196,1.2
121205,22.55
121209,5.545
121210,11.665
121211,1.01
121212,1.02
121217,36.46
121218,4.03
121223,45.09
121270,103.195
121278,21.23
121399,209.27
121402,4.805
121403,45.9
121444,202.18
121461,115.17
121513,9.92
121550,44.91
121552,5.625
121553,1.695
121554,1.035
121571,45.9
121581,5.42
121582,1.08
121596,11.655
121608,7.525
121611,5.68
121617,4.78
121625,1.095
121626,1.03
121630,1.125
121632,1.04
121635,1.32
121636,18.37
121637,5.5
121653,33.535
121654,46.36
121655,7.16
121656,1.01
121691,58.995
121693,1.07
121694,1.03
121696,7.91
121697,1.05
121722,75.03
121726,29.595
121727,1.07
121752,92.2
121753,1.015
121754,3.715
121758,4.465
121760,9.74
121767,108.615
121768,1.06
121770,1.03
121831,11.3
121832,1.08
121839,32.765
121863,21.59
121864,1.025
121869,46.625
121891,129.075
121897,4.63
121898,18.515
121901,1.015
121903,5.545
121909,89.125
121916,4.505
121928,85.745
121929,1.035
121939,4.63
121940,70.91
121943,1.165
121948,40.75
121949,1.075
121959,46.645
121960,1.9
121961,1.055
121965,14.95
121966,22.665
121967,1.095
121968,2.94
121969,1.05
121970,1.075
121988,25.2
121989,1.155
122003,24.95
122030,150.685
122032,4.7
122037,41.29
122040,5.3
122041,1.035
122066,39.475
122067,4.905
122072,15.39
122076,1.11
122078,1.075
122101,207.945
122105,8.97
122128,1.365
122131,1.425
122133,1.04
122134,20.825
122139,65.84
122140,5.39
122141,1.41
122148,1.2
122153,28.35
122155,5.57
122159,1.27
122160,1.025
122161,1.04
122164,91.465
122165,5.12
122169,1.07
122178,80.67
122181,144.9
122182,1.06
122184,5.97
122186,1.15
122187,1.41
122188,1.22
122191,6.355
122193,113.325
122195,4.285
122201,1.375
122213,1.125
122214,1.04
122218,1.115
122219,1.025
122272,245.465
122273,1.38
122274,1.23
122276,58.265
122288,1.325
122290,11.51
122291,4.17
122292,17.535
122293,1.03
122294,1.03
122308,8.585
122310,6.085
122311,1.245
122336,1.46
122337,1.01
122341,5.05
122347,54.3
122349,1.055
122351,1.06
122352,1.04
122353,9.03
122363,165.845
122364,12.775
122368,1.135
122369,4.21
122386,4.785
122387,1.015
122391,1.02
122394,84.83
122403,1.02
122407,1.085
122425,183.895
122431,35.365
122460,1.29
122461,78.065
122465,1.0
122470,8.76
122471,1.02
122472,1.035
122476,25.76
122485,6.94
122488,26.125
122489,4.415
122491,1.45
122495,80.8
122497,1.35
122518,1.37
122519,1.035
122521,7.335
122536,12.295
122538,17.65
122543,16.575
122546,1.05
122551,1.21
122552,1.0
122555,7.46
122556,4.365
122561,48.275
122562,1.505
122568,66.46
122571,42.135
122572,1.025
122577,6.63
122581,6.365
122583,1.065
122584,5.29
122594,30.595
122596,1.04
122598,13.115
122600,45.27
122601,1.075
122637,1.55
122652,152.87
122654,1.17
122663,1.29
122664,32.985
122668,1.035
122670,3.91
122700,26.215
122710,1.11
122712,1.06
122718,1.185
122722,65.26
122729,17.71
122730,4.96
122740,1.87
122741,1.045
122742,1.11
122743,1.135
122745,1.01
122746,1.04
122747,4.19
122751,15.9
122753,108.315
122755,1.225
122787,281.65
122801,60.49
122802,5.78
122805,17.04
122806,73.325
122808,11.0
122813,82.62
122815,1.055
122816,5.615
122817,3.005
122852,17.73
122853,1.015
122854,1.13
122862,1.025
122863,5.15
122864,6.025
122865,10.19
122873,1.305
122877,36.78
122880,1.005
122883,10.005
122893,86.915
122894,1.04
122895,7.84
122897,11.485
122899,33.235
122900,9.37
122902,1.055
122908,24.83
122909,1.025
122911,8.29
122914,4.55
122921,4.65
122922,1.045
122924,1.075
122925,1.045
122926,4.985
122928,1.04
122929,1.225
122937,1.065
122938,9.135
122957,70.69
122958,11.425
122961,1.05
122962,8.95
122978,244.14
122979,1.04
122980,1.175
122981,52.36
122993,1.12
122995,22.43
122996,1.025
123021,91.165
123034,106.05
123035,1.075
123038,55.83
123043,1.055
123044,2.0
123048,1.075
123049,1.01
123050,1.0
123051,1.04
123065,15.52
123069,1.04
123099,4.78
123100,1.17
123101,1.035
123121,12.035
123122,26.435
123123,9.475
123127,4.72
123131,1.05
123132,1.085
123134,6.655
123142,98.345
123144,1.035
123145,1.07
123148,1.25
123152,4.695
123153,11.575
123201,1.41
123202,11.73
123203,26.865
123204,1.075
123205,4.6
123233,121.185
123235,1.085
123238,71.095
123239,1.05
123240,1.01
123241,1.05
123243,1.5
123244,1.64
123247,9.49
123267,6.12
123268,1.43
123271,1.065
123277,7.72
123284,18.45
123286,1.885
123287,29.98
123293,8.495
123300,8.515
123303,1.105
123308,1.07
123339,36.19
123340,1.605
123341,1.13
123345,4.28
123346,8.335
123347,1.05
123389,168.92
123395,43.275
123397,3.525
123413,91.695
123421,5.505
123424,1.11
123431,1.04
123433,4.75
123434,1.06
123437,5.195
123438,1.09
123456,21.82
123457,16.58
123458,8.36
123477,14.925
123478,7.53
123485,5.715
123487,36.285
123495,1.03
123503,1.12
123516,37.845
123529,51.675
123538,8.96
123541,13.64
123549,36.76
123552,5.27
123556,1.155
123558,1.075
123570,13.615
123581,1.07
123593,14.855
123599,1.035
123602,30.105
123603,1.095
123604,1.035
123609,6.02
123618,1.31
123633,204.18
123634,72.255
123642,97.075
123670,110.86
123671,19.915
123672,1.01
123673,1.645
123674,4.825
123677,5.865
123695,33.085
123696,24.48
123697,1.275
123698,1.29
123699,4.15
123701,9.73
123704,1.115
123706,154.215
123714,4.505
123715,11.005
123757,179.03
123762,3.235
123763,9.19
123764,1.025
123787,1.325
123788,1.015
123790,111.605
123791,1.055
123792,1.025
123793,1.08
123798,13.545
123799,1.595
123800,1.03
123834,255.355
123835,1.03
123836,9.865
123838,49.11
123876,152.695
123878,54.925
123879,1.06
123880,1.49
123889,29.38
123909,100.01
123910,1.155
123911,1.015
123951,141.91
123955,4.555
123956,1.02
123958,1.115
123968,8.325
124013,6.67
124023,43.16
124027,1.08
124032,27.755
124033,44.395
124034,5.635
124036,1.025
124038,5.225
124056,13.51
124078,40.98
124092,2.315
124094,111.485
124095,84.365
124109,244.32
124118,37.33
124119,1.035
124126,11.43
124128,1.085
124140,23.335
124143,1.11
124144,1.01
124145,13.46
124146,33.56
124150,1.09
124153,4.205
124156,1.065
124157,1.055
124158,4.67
124181,53.56
124188,1.39
124190,1.23
124191,1.065
124196,14.99
124216,1.175
124221,27.265
124231,162.47
124233,1.38
124242,1.1
124243,1.1
124244,1.03
124245,7.455
124247,20.37
124248,6.635
124249,1.16
124277,5.255
124281,1.03
124291,8.845
124294,6.195
124296,1.635
124297,9.905
124299,8.705
124305,1.125
124306,1.14
124309,10.53
124311,24.675
124313,1.11
124315,1.21
124317,1.045
124318,1.06
124319,1.03
124323,5.26
124324,1.07
124351,54.875
124352,5.105
124353,1.025
124354,1.035
124358,112.15
124359,145.94
124363,1.01
124364,1.015
124368,1.195
124370,1.04
124390,17.92
124395,1.18
124399,1.085
124401,14.57
124404,24.585
124406,1.19
124407,8.78
124430,21.92
124431,13.755
124432,1.07
124448,1.385
124458,9.32
124480,167.055
124529,386.635
124533,1.13
124535,1.21
124536,1.065
124546,41.79
124566,42.88
124585,33.39
124587,63.47
124591,1.02
124592,1.03
124593,4.37
124596,1.035
124599,5.455
124618,1.26
124619,1.08
124620,1.04
124629,5.305
124631,4.52
124632,1.045
124633,3.71
124634,51.63
124635,1.115
124636,1.045
124638,1.17
124639,1.4
124641,1.055
124642,38.235
124646,1.095
124647,1.06
124653,5.32
124655,11.98
124658,1.175
124659,1.025
124668,5.18
124669,7.165
124682,1.215
124683,30.67
124686,7.475
124687,1.03
124689,1.03
124692,1.125
124693,14.81
124701,100.025
124702,1.05
124713,229.8
124741,502.17
124746,18.21
124751,9.955
124756,42.415
124763,63.55
124765,65.55
124779,83.485
124780,15.93
124789,4.855
124790,1.335
124791,1.07
124793,7.16
124794,6.0
124795,1.07
124796,1.24
124797,1.01
124808,34.64
124809,1.02
124823,1.535
124824,2.405
124829,4.705
124838,32.795
124840,1.14
124849,15.92
124850,1.13
124862,48.75
124874,21.405
124875,1.63
124913,17.89
124924,8.305
124926,1.155
124928,1.15
124929,1.07
124933,1.04
124934,2.17
124936,1.105
124937,1.08
124939,1.065
124945,5.615
124956,214.595
124983,240.96
124998,22.68
125001,1.02
125005,27.985
125006,1.04
125007,17.105
125009,5.46
125017,22.945
125019,10.695
125022,122.66
125038,53.84
125039,1.05
125040,1.38
125044,8.04
125045,1.72
125048,4.99
125049,1.05
125054,1.035
125055,1.025
125058,5.635
125061,29.215
125063,1.065
125082,120.905
125089,9.49
125090,1.04
125098,12.79
125100,9.545
125102,8.335
125105,7.58
125116,9.27
125119,27.92
125136,9.495
125137,1.155
125156,251.045
125161,5.52
125164,1.13
125165,1.16
125166,1.085
125169,7.825
125170,1.005
125171,12.445
125184,68.015
125188,1.095
125189,5.315
125190,5.08
125192,14.98
125204,9.95
125206,1.185
125226,231.03
125230,9.7
125231,1.1
125232,78.26
125233,1.025
125235,13.22
125267,206.145
125269,5.03
125280,8.575
125281,1.01
125282,9.905
125285,1.04
125302,129.845
125316,186.565
125317,2.05
125318,4.58
125319,1.035
125345,75.075
125350,42.03
125365,187.195
125371,1.045
125373,15.12
125380,1.16
125399,12.68
125400,1.03
125420,6.055
125425,166.6
125454,1.535
125455,1.025
125460,1.02
125462,1.09
125463,1.04
125466,1.04
125467,1.03
125471,4.315
125512,125.735
125524,70.07
125557,82.585
125561,1.175
125563,14.145
125595,26.3
125596,1.03
125609,28.81
125612,8.75
125625,16.165
125664,41.86
125678,112.075
125679,4.985
125680,1.08
125697,33.495
125733,156.87
125734,1.035
125735,10.37
125745,19.275
125766,19.25
125768,1.04
125770,79.72
125774,94.49
125775,12.935
125784,64.67
125786,16.29
125787,1.03
125789,1.07
125791,1.19
125793,27.15
125815,66.305
125842,202.825
125853,43.54
125854,5.16
125855,1.28
125867,5.995
125892,14.87
125910,91.235
125911,1.09
125913,1.235
125915,54.435
125916,4.81
125921,1.115
125928,22.555
125935,99.96
125937,5.26
125939,20.61
125940,4.99
125942,1.11
125944,1.05
125946,1.06
125954,238.725
125956,1.05
125957,1.065
125993,63.71
125994,12.405
126000,1.175
126011,5.525
126015,1.065
126016,1.055
126043,61.84
126045,1.045
126052,38.605
126053,5.555
126055,4.63
126063,131.76
126092,45.21
126094,71.355
126100,1.06
126101,1.07
126102,1.005
126103,1.025
126106,5.2
126108,17.445
126152,60.2
126157,21.695
126158,12.8
126159,26.51
126164,1.2
126167,1.11
126168,62.02
126194,151.175
126199,16.63
126239,50.3
126246,81.53
126251,32.255
126258,20.44
126259,5.28
126260,1.04
126261,1.04
126264,1.155
126265,1.37
126291,1.325
126292,1.405
126293,1.01
126294,20.7
126295,6.935
126298,12.37
126340,69.52
126341,14.335
126354,13.985
126356,8.25
126357,81.735
126394,300.995
126397,1.075
126451,189.565
126466,124.0
126468,6.035
126469,1.045
126478,1.06
126487,159.965
126488,1.145
126489,6.0
126491,26.62
126492,43.825
126509,1.195
126533,16.495
126538,5.125
126543,16.19
126549,4.655
126550,52.44
126566,99.795
126587,3.895
126679,168.02
126684,9.73
126712,5.95
126716,11.065
126724,1.08
126737,34.02
126739,1.035
126746,4.6
126747,1.055
126748,14.72
126758,7.42
126760,40.815
126762,1.055
126769,5.375
126770,8.655
126780,21.03
126782,4.055
126783,15.31
126830,25.025
126831,1.025
126834,189.775
126838,1.12
126839,41.075
126847,68.595
126848,1.105
126860,32.125
126861,1.14
126862,1.045
126916,284.885
126917,7.94
126919,83.43
126924,34.64
126933,1.305
126934,1.015
126935,13.05
126937,1.0
126945,11.615
126948,100.905
126950,21.17
126956,1.235
126957,5.135
126959,72.0
126965,19.7
126966,4.72
126975,68.72
126976,8.925
126982,77.89
126983,1.17
126984,10.535
126985,1.02
126986,1.045
126989,1.415
126990,4.71
126992,8.985
127016,121.315
127035,15.24
127054,47.155
127057,4.785
127058,1.065
127060,13.615
127061,14.305
127065,1.28
127066,5.895
127067,1.065
127070,1.04
127071,16.285
127085,111.135
127089,64.995
127095,1.045
127096,11.62
127111,57.755
127112,1.06
127113,1.03
127115,2.325
127116,1.1
127117,1.155
127120,13.155
127122,1.045
127123,1.035
127126,20.315
127128,1.135
127129,1.025
127141,1.1
127152,7.635
127169,7.85
127193,116.065
127195,18.67
127200,18.435
127201,1.55
127204,3.71
127219,84.875
127221,14.81
127222,7.88
127225,103.345
127274,70.98
127275,4.46
127276,1.625
127281,16.135
127291,4.395
127292,1.1
127293,4.665
127302,33.67
127310,37.295
127393,37.24
127410,88.1
127412,1.035
127456,209.24
127564,78.315
127565,28.77
127568,1.015
127591,97.72
127604,12.255
127606,1.06
127612,1.375
127613,15.325
127614,1.01
127626,16.145
127627,22.565
127634,16.355
127635,18.185
127636,17.35
127641,25.01
127642,1.07
127646,1.29
127656,1.24
127659,5.11
127660,1.005
127661,13.725
127662,1.02
127663,1.015
127664,1.19
127676,42.195
127680,38.925
127688,1.135
127691,1.07
127701,79.28
127702,1.015
127705,23.61
127712,1.025
127716,1.31
127734,12.825
127740,1.105
127743,21.255
127744,5.47
127746,1.04
127748,4.245
127749,1.04
127750,8.41
127751,1.04
127752,1.04
127753,1.025
127757,1.075
127780,6.935
127792,5.185
127794,52.215
127795,26.51
127816,167.145
127825,8.36
127826,1.065
127827,1.04
127828,22.48
127838,1.32
127886,481.385
127948,119.25
127967,9.405
127969,1.07
127974,10.375
127983,24.66
127984,35.205
127996,43.005
128011,1.24
128012,3.705
128013,1.94
128015,9.68
128016,227.185
128017,6.29
128018,1.06
128020,1.08
128024,15.25
128027,68.475
128032,1.065
128033,1.025
128035,13.565
128038,6.665
128081,385.21
128086,10.475
128089,1.15
128093,19.855
128095,67.545
128102,17.675
128107,88.09
128114,7.615
128146,77.955
128150,83.695
128151,1.12
128153,1.155
128155,1.115
128156,1.01
128160,19.06
128175,41.29
128183,10.68
128204,79.37
128205,1.04
128213,314.195
128214,1.165
128226,1.25
128229,7.355
128248,9.895
128249,21.48
128250,4.46
128262,149.51
128266,18.195
128297,128.85
128298,36.505
128312,77.155
128313,28.41
128315,7.85
128338,45.905
128358,98.32
128359,5.78
128363,57.61
128369,26.475
128370,1.235
128375,3.74
128376,27.56
128378,1.465
128380,26.92
128381,46.62
128401,57.625
128402,17.135
128403,11.945
128407,38.21
128433,128.795
128463,169.15
128471,62.97
128480,22.125
128492,41.18
128493,17.145
128532,95.8
128545,47.95
128598,151.805
128641,181.025
128657,59.455
128685,212.39
128697,118.02
128709,1.505
128712,18.435
128717,1.02
128732,42.665
128742,10.545
128743,1.055
128775,120.87
128776,5.035
128782,21.885
128783,3.75
128792,122.81
128793,1.06
128794,1.23
128804,1.075
128806,20.09
128814,160.605
128816,1.265
128817,12.705
128820,27.005
128832,100.215
128833,1.105
128838,6.985
128839,1.06
128840,4.22
128841,4.925
128842,1.01
128843,1.08
128851,5.305
128852,1.03
128854,1.035
128856,6.085
128857,1.02
128858,1.02
128875,83.745
128876,1.015
128877,1.185
128878,33.58
128879,1.08
128893,73.79
128895,1.35
128898,1.16
128902,11.93
128903,1.495
128905,1.07
128926,38.325
128928,1.105
128929,1.18
128930,1.065
128934,13.865
128935,1.13
128937,1.41
128938,4.95
128940,10.285
128941,1.2
128957,18.04
128969,4.555
128972,1.015
128974,16.985
128975,1.0
128980,5.105
128985,20.36
129001,24.855
129004,35.98
129005,1.015
129009,1.03
129011,28.23
129012,1.045
129013,1.035
129018,1.485
129024,4.785
129025,1.97
129026,1.02
129031,62.45
129038,130.455
129039,1.035
129044,6.115
129046,1.165
129063,280.22
129065,8.09
129066,1.05
129067,1.03
129070,47.09
129075,12.78
129106,66.295
129110,1.065
129112,5.67
129116,12.54
129129,36.54
129130,1.055
129132,12.85
129140,106.32
129146,1.415
129147,5.73
129148,1.435
129149,1.065
129156,20.155
129183,177.04
129184,1.325
129185,9.02
129193,62.09
129194,1.355
129201,17.12
129203,1.025
129204,13.345
129208,20.735
129210,18.185
129229,67.03
129235,25.78
129256,57.385
129261,63.61
129273,152.23
129288,1.085
129289,7.765
129313,183.605
129315,34.615
129324,55.665
129330,1.02
129331,4.05
129355,174.685
129356,11.895
129358,1.06
129359,11.875
129360,1.38
129361,1.11
129362,4.98
129367,5.315
129410,157.72
129412,1.2
129414,1.065
129415,1.02
129417,7.6
129446,166.455
129458,51.325
129462,1.05
129483,131.885
129484,1.07
129492,5.93
129530,97.95
129538,133.91
129543,40.91
129553,14.185
129554,1.05
129600,47.525
129608,39.405
129609,15.625
129610,5.47
129622,47.09
129623,1.06
129634,21.34
129635,1.15
129637,12.145
129641,17.96
129642,1.17
129659,163.625
129683,18.36
129726,121.08
129732,1.36
129737,25.795
129807,114.305
129819,7.105
129826,1.075
129827,1.0
129834,22.53
129835,1.055
129842,21.265
129843,1.52
129847,1.05
129849,1.025
129852,68.025
129853,1.34
129856,1.335
129857,1.015
129858,1.04
129862,4.445
129881,16.61
129883,3.805
129887,133.29
129888,1.02
129891,1.02
129898,6.125
129905,18.525
129906,4.28
129910,1.655
129945,72.73
129946,1.31
129948,1.055
129949,1.25
129966,231.79
129967,1.05
129969,1.02
129980,69.64
129984,1.105
129985,1.065
129986,5.335
129998,6.24
130002,1.1
130003,1.05
130006,12.19
130017,13.165
130018,5.15
130020,1.02
130022,1.045
130023,1.035
130044,43.95
130045,4.805
130046,5.445
130053,37.19
130064,53.02
130068,18.205
130091,6.735
130102,72.075
130103,4.675
130110,5.195
130134,160.055
130146,8.695
130153,4.2
130154,1.42
130158,208.0
130165,95.175
130166,15.92
130168,1.075
130184,115.695
130186,1.18
130188,1.02
130202,28.815
130203,1.035
130230,109.525
130232,1.095
130234,1.01
130238,17.34
130239,29.38
130240,1.03
130272,1.385
130273,1.05
130274,1.515
130275,1.17
130276,1.04
130277,8.855
130279,1.075
130284,9.165
130288,125.965
130302,1.555
130322,91.355
130327,38.695
130328,34.76
130329,1.015
130330,10.34
130355,1.695
130356,1.015
130357,1.01
130363,18.285
130384,8.3
130391,5.445
130398,119.735
130401,176.07
130407,1.62
130409,13.16
130413,69.7
130414,16.18
130416,8.705
130429,32.52
130438,41.355
130439,1.08
130441,34.96
130442,30.04
130445,97.06
130454,12.98
130455,1.04
130456,14.605
130460,35.975
130461,5.035
130476,88.88
130477,1.11
130479,1.09
130480,52.16
130507,1.235
130510,9.21
130519,293.975
130543,82.185
130545,1.09
130549,9.77
130550,7.315
130561,60.13
130564,5.515
130568,1.195
130588,247.59
130594,1.1
130596,1.14
130599,1.035
130600,1.045
130601,1.015
130604,41.26
130643,128.945
130659,110.715
130660,1.03
130663,1.03
130664,1.065
130669,1.1
130674,15.61
130675,1.03
130680,1.06
130682,1.065
130684,1.035
130686,1.055
130691,1.105
130756,75.61
130758,1.015
130759,10.03
130760,1.04
130766,38.475
130779,20.785
130780,8.885
130784,1.215
130825,35.58
130834,19.92
130835,4.38
130836,1.055
130837,1.155
130838,1.06
130840,1.09
130842,1.03
130853,248.835
130865,43.19
130883,8.525
130919,5.98
130921,1.18
130922,1.01
130928,1.135
130929,5.13
130931,17.315
130932,1.055
130933,1.065
130941,1.44
130942,1.015
130997,402.865
130998,1.015
131012,49.815
131013,83.85
131018,28.62
131028,257.04
131030,5.15
131043,39.14
131056,18.25
131091,136.16
131121,82.91
131122,1.065
131123,1.035
131126,1.135
131127,1.16
131133,80.27
131167,107.185
131180,9.775
131204,98.86
131209,25.23
131211,1.065
131212,1.28
131215,1.04
131217,4.52
131221,271.065
131222,12.24
131234,209.635
131237,1.125
131263,58.455
131266,4.82
131272,137.8
131273,1.12
131279,16.615
131281,1.14
131292,5.675
131302,1.255
131303,5.46
131309,13.135
131315,209.52
131320,155.62
131322,5.4
131323,1.025
131324,1.165
131326,4.705
131329,9.575
131330,1.04
131342,18.565
131343,1.005
131344,1.055
131352,39.975
131361,4.985
131370,1.165
131371,7.595
131373,1.05
131375,9.02
131376,20.155
131385,37.25
131389,8.605
131391,145.075
131396,13.105
131398,8.65
131400,1.17
131402,1.06
131409,45.66
131410,1.09
131413,1.075
131414,1.02
131451,98.025
131468,35.23
131469,5.42
131470,1.32
131471,5.795
131472,1.055
131491,28.425
131492,1.065
131493,6.845
131496,26.515
131497,7.9
131519,26.95
131520,1.055
131521,1.01
131523,1.355
131525,4.9
131527,1.09
131534,1.195
131536,4.23
131541,19.875
131542,1.135
131544,1.12
131565,47.41
131575,17.355
131587,6.69
131588,1.275
131589,1.25
131591,1.05
131592,87.25
131593,1.3
131594,1.065
131596,1.145
131639,30.665
131647,12.87
131649,8.84
131650,1.13
131651,9.14
131652,1.01
131654,5.69
131704,234.08
131713,4.365
131714,1.01
131717,11.01
131737,43.77
131741,1.115
131742,7.57
131813,449.26
131814,1.09
131835,41.3
131840,28.355
131843,65.515
131849,8.905
131850,1.025
131855,1.075
131856,4.96
131857,1.755
131860,1.025
131861,1.03
131866,273.585
131869,1.11
131914,20.02
131940,24.575
131967,1.215
131975,14.9
131978,1.05
131979,1.535
131980,17.575
131981,1.11
131982,1.02
131986,13.98
131987,1.365
131988,19.9
131993,155.02
132020,64.715
132021,4.995
132023,1.265
132024,1.015
132043,4.18
132075,137.74
132076,1.05
132077,1.12
132104,8.575
132105,1.47
132106,1.05
132121,8.085
132173,54.02
132185,25.21
132206,125.15
132217,19.005
132218,1.045
132219,1.03
132220,1.025
132221,1.22
132223,1.035
132226,13.93
132244,19.115
132247,1.045
132248,1.065
132282,53.38
132284,4.49
132285,1.09
132286,28.485
132295,23.36
132312,56.055
132313,1.08
132316,1.025
132342,9.56
132347,1.295
132353,1.085
132364,1.21
132368,5.005
132369,3.775
132373,1.125
132374,1.1
132376,76.27
132380,1.255
132387,8.405
132390,1.125
132445,235.96
132447,1.06
132469,64.345
132492,64.675
132525,72.825
132527,9.08
132528,1.17
132535,5.025
132576,50.275
132589,16.0
132594,129.455
132599,5.535
132614,73.565
132615,1.05
132617,4.275
132619,32.765
132620,1.02
132621,1.1
132623,21.71
132629,32.15
132630,35.72
132631,4.705
132632,1.025
132633,7.94
132663,245.51
132669,5.02
132679,124.57
132680,1.03
132691,1.14
132692,1.14
132693,5.585
132695,1.09
132697,4.77
132706,34.625
132712,6.525
132715,1.035
132716,1.005
132723,42.515
132726,1.115
132728,10.6
132731,20.56
132733,1.115
132743,1.115
132745,1.025
132753,1.03
132760,41.825
132762,5.12
132766,4.72
132769,2.045
132781,45.48
132783,1.03
132801,52.625
132803,1.1
132804,1.005
132842,62.035
132845,1.27
132846,1.09
132871,1.125
132872,8.45
132873,1.03
132877,43.27
132878,5.145
132879,11.345
132880,1.065
132882,8.49
132883,1.065
132884,3.93
132888,134.215
132889,1.23
132921,51.205
132925,4.82
132927,143.78
132933,2.035
132936,1.025
132942,46.14
132948,1.055
132952,5.125
132953,1.025
132954,8.77
132968,37.16
132969,1.365
132970,12.52
132971,5.6
132973,4.785
132974,1.24
132975,5.035
132976,12.055
132981,1.615
132982,1.15
133011,42.44
133023,125.475
133024,1.02
133025,1.08
133026,1.06
133029,1.03
133034,1.46
133062,83.8
133064,1.035
133066,1.22
133069,1.17
133070,1.08
133084,14.705
133097,60.14
133098,9.105
133101,11.58
133102,1.015
133109,19.65
133113,1.18
133114,4.695
133117,5.495
133125,12.9
133126,1.09
133127,1.045
133142,56.575
133188,16.575
133202,167.145
133211,7.64
133212,5.61
133213,1.02
133224,8.495
133227,1.035
133228,12.325
133255,19.66
133257,4.775
133260,4.98
133266,53.885
133276,73.465
133277,1.275
133278,1.02
133279,1.18
